s_station_id,s_station_name,s_station_city_id
0,一步滩,0
1,一间堡,1
2,一面坡,2
3,一面山,3
4,七台河,4
5,七甸,5
6,七苏木,6
7,七营,7
8,七龙星,8
9,万乐,9
10,万发屯,10
11,万宁,11
12,万州,12
13,万年,13
14,万庄,14
15,万源,15
16,三义井,16
17,三井子,17
18,三亚,18
19,三元坝,19
20,三关口,20
21,三十家,21
22,三十里堡,22
23,三原,23
24,三合庄,24
25,三堂集,25
26,三家子,26
27,三家寨,27
28,三家店,28
29,三把火,29
30,三明北,30
31,三水,31
32,三水北,31
33,三水南,31
34,三汇镇,32
35,三江,33
36,三江南,34
37,三江县,35
38,三江口,36
39,三河县,37
40,三源浦,38
41,三穗,39
42,三花石,40
43,三营,41
44,三道湖,42
45,三道营,43
46,三都县,44
47,三门县,45
48,三门峡,46
49,三门峡西,46
50,三间房,47
51,三阳川,48
52,上万,49
53,上园,50
54,上店,51
55,上普雄,52
56,上板城,53
57,上板城南,53
58,上海,54
59,上海南,54
60,上海虹桥,54
61,上海西,54
62,上腰墩,55
63,上虞,56
64,上虞北,56
65,上西铺,57
66,上谷,58
67,上饶,59
68,上高镇,60
69,下台子,61
70,下坑子,62
71,下城子,63
72,下普雄,64
73,下板城,65
74,下社,66
75,下花园,67
76,下马塘,68
77,东丰,69
78,东乡,70
79,东二道河,71
80,东京城,72
81,东元庆,73
82,东光,74
83,东兴,75
84,东升,76
85,东南营子,77
86,东台,78
87,东坡,79
88,东大坝,80
89,东安东,81
90,东富,82
91,东庄,83
92,东戴河,84
93,东方,85
94,东方红,86
95,东明县,87
96,东明村,88
97,东来,89
98,东沟门,90
99,东津,91
100,东海,92
101,东海县,93
102,东淤地,94
103,东港北,95
104,东湾,96
105,东田良,97
106,东胜西,98
107,东至,99
108,东莞,100
109,东莞东,100
110,东营南,101
111,东营子,102
112,东辛庄,103
113,东边井,104
114,东通化,105
115,东镇,106
116,两家,107
117,两当,108
118,中兴,109
119,中卫,110
120,中台子,111
121,中和,112
122,中嘴,113
123,中宁,114
124,中宁东,114
125,中宁南,114
126,中寨,115
127,中山,116
128,中山北,116
129,中川机场,117
130,丰乐镇,118
131,丰城,119
132,丰城南,119
133,丰广,120
134,丰水村,121
135,丰都,122
136,丰镇,123
137,丰顺,124
138,串子沟,125
139,临城,126
140,临江场,127
141,临江溪,128
142,临汾,129
143,临汾西,129
144,临沂,130
145,临沂北,130
146,临河,131
147,临泽,132
148,临泽南,132
149,临海,133
150,临清,134
151,临湘,135
152,临西,136
153,临颍,137
154,临高南,138
155,丹东,139
156,丹东西,139
157,丹凤,140
158,丹徒,141
159,丹阳,142
160,丹阳北,142
161,丹霞山,143
162,丽水,144
163,丽江,145
164,乃林,146
165,义乌,147
166,义县,148
167,义马,149
168,乌伊岭,150
169,乌兰,151
170,乌兰哈达,152
171,乌兰浩特,153
172,乌兰胡同,154
173,乌兰花,155
174,乌固诺尔,156
175,乌奴耳,157
176,乌尔旗汗,158
177,乌拉山,159
178,乌拉特前旗,160
179,乌海,161
180,乌海北,161
181,乌海西,161
182,乌西,162
183,乌鲁布铁,163
184,乌鲁木齐,164
185,乌鲁木齐南,164
186,乌龙泉南,165
187,乐东,166
188,乐善村,167
189,乐山,168
190,乐山北,168
191,乐平市,169
192,乐昌,170
193,乐武,171
194,乐清,172
195,乐跃,173
196,乐都,174
197,乐都南,174
198,九三,175
199,九台,176
200,九台南,176
201,九江,177
202,九营,178
203,九龙,179
204,九龙塘,180
205,乳山,181
206,乾县,182
207,乾安,183
208,二井,184
209,二岔,185
210,二营,186
211,二连,187
212,二道桥,188
213,二道沟,189
214,二道沟门,190
215,二道湾,191
216,二龙,192
217,二龙屯,193
218,二龙山屯,194
219,于家堡,195
220,于都,196
221,云东海,197
222,云居寺,198
223,云山,199
224,云彩岭,200
225,云梦,201
226,云浮东,202
227,云霄,203
228,互助,204
229,五十家子,205
230,五原,206
231,五叉沟,207
232,五台山,208
233,五大连池,209
234,五女山,210
235,五家,211
236,五寨,212
237,五常,213
238,五府山,214
239,五林,215
240,五棵树,216
241,五莲,217
242,五营,218
243,五道沟,219
244,五道河,220
245,五龙背,221
246,五龙背东,221
247,井冈山,222
248,井南,223
249,井店,224
250,井陉,225
251,亚复,226
252,亚布力,227
253,亚布力南,227
254,亚沟,228
255,亚河,229
256,亚龙湾,230
257,交城,231
258,京山,232
259,亭亮,233
260,亳州,234
261,什里店,235
262,仁布,236
263,介休,237
264,介休东,237
265,从江,238
266,仙人桥,239
267,仙林,240
268,仙桃西,241
269,仙游,242
270,代县,243
271,代湾,244
272,仲恺,245
273,任丘,246
274,任家店,247
275,伊和恩格拉,248
276,伊图里河,249
277,伊宁,250
278,伊宁东,250
279,伊拉哈,251
280,伊敏,252
281,伊春,253
282,会同,254
283,会昌北,255
284,低庄,256
285,低窝铺,257
286,余姚,258
287,余姚北,258
288,余杭,259
289,余江,260
290,余粮堡,261
291,佛山,262
292,佛岭,263
293,佟家,264
294,佳木斯,265
295,依安,266
296,侯马,267
297,侯马西,267
298,保健,268
299,保定,269
300,保定东,269
301,保家楼,270
302,保康,271
303,俞冲,272
304,信丰,273
305,信宜,274
306,信阳,275
307,信阳东,275
308,修武,276
309,修武西,276
310,倭肯,277
311,偃师,278
312,偏岭,279
313,元宝山,280
314,元氏,281
315,元田坝,282
316,元谋,283
317,光山,284
318,光明,285
319,光明城,286
320,光泽,287
321,克一河,288
322,克东,289
323,克山,290
324,克拉玛依,291
325,免渡河,292
326,兑镇,293
327,兖州,294
328,全州南,295
329,全椒,296
330,八仙筒,297
331,八方,298
332,八苏木,299
333,八虎力,300
334,八角台,301
335,八面城,302
336,八面通,303
337,公主埂,304
338,公主岭,305
339,公主岭南,305
340,公庙子,306
341,公积坂,307
342,公营子,308
343,六合镇,309
344,六地沟,310
345,六安,311
346,六枝,312
347,六盘山,313
348,六盘水,314
349,六道河,315
350,六道河子,316
351,兰家屯,317
352,兰岗,318
353,兰岭,319
354,兰州,320
355,兰州东,320
356,兰州新区,321
357,兰州西,320
358,兰棱,322
359,兰溪,323
360,兰考,324
361,兰陵北,325
362,共和,326
363,共青城,327
364,关寨,328
365,关村坝,329
366,关林,330
367,兴义,331
368,兴凯,332
369,兴和,333
370,兴和西,333
371,兴国,334
372,兴城,335
373,兴宁,336
374,兴安北,337
375,兴安岭,338
376,兴平,339
377,兴泉堡,340
378,兴福,341
379,兴莲,342
380,兴隆县,343
381,兴隆店,344
382,兴隆镇,345
383,内乡,346
384,内江,347
385,内江北,347
386,内江南,347
387,册亨,348
388,冕宁,349
389,冕山,350
390,军粮城北,351
391,农安,352
392,冠豸山,353
393,冯家山,354
394,冯屯,355
395,冷水江东,356
396,准沙日乌苏,357
397,凉红,358
398,凌海,359
399,凌源,360
400,凌源东,360
401,凤凰城,361
402,凤凰机场,362
403,凤县,363
404,凤城东,364
405,凤州,365
406,凤翔,366
407,凭祥,367
408,凯北,368
409,凯里,369
410,凯里南,369
411,凯里西,369
412,刀尔登,370
413,刁家段,371
414,分宜,372
415,刘家店,373
416,刘家河,374
417,刘沟,375
418,利川,376
419,到保,377
420,前山,378
421,前磨头,379
422,前窑,380
423,前苇塘,381
424,前进镇,382
425,前锋,383
426,加劳,384
427,加南,385
428,加格达奇,386
429,励家,387
430,劲松,388
431,劳动屯,389
432,勃利,390
433,勉县,391
434,包头,392
435,包头东,392
436,包头北,392
437,包头西,392
438,化处,393
439,化州,394
440,化德,395
441,北井子,396
442,北京,397
443,北京东,397
444,北京北,397
445,北京南,397
446,北京西,397
447,北兴安,398
448,北台子,399
449,北宅,400
450,北安,401
451,北屯,402
452,北屯市,403
453,北岗,404
454,北戴河,405
455,北板桥,406
456,北流,407
457,北海,408
458,北滘,409
459,北碚,410
460,北磴,411
461,北票南,412
462,北马圈子,413
463,十八台,414
464,十堰,415
465,十渡,416
466,十里坪,417
467,千河,418
468,千阳,419
469,升昌,420
470,午汲,421
471,半截河,422
472,华城,423
473,华山,424
474,华山北,424
475,华蓥,425
476,卓资东,426
477,卓资山,427
478,南丰,428
479,南丹,429
480,南京,430
481,南京南,430
482,南仇,431
483,南充,432
484,南充北,432
485,南兴安,433
486,南华,434
487,南博山,435
488,南口,436
489,南口前,437
490,南召,438
491,南城,439
492,南城司,440
493,南大庙,441
494,南头,442
495,南宁,443
496,南宁东,443
497,南宁西,443
498,南宫东,444
499,南尔岗,445
500,南岔,446
501,南峪,447
502,南平北,448
503,南平南,448
504,南昌,449
505,南昌西,449
506,南曹,450
507,南朗,451
508,南木,452
509,南杂木,453
510,南桥,454
511,南江,455
512,南江口,456
513,南汤,457
514,南河川,458
515,南洼,459
516,南湖东,460
517,南湾子,461
518,南翔北,462
519,南芬,463
520,南芬北,463
521,南观村,464
522,南通,465
523,南部,466
524,南阳,467
525,南阳寨,468
526,南陈铺,469
527,南陵,470
528,南雄,471
529,南靖,472
530,博乐,473
531,博克图,474
532,博白,475
533,博鳌,476
534,卡伦,477
535,卢龙,478
536,卧里屯,479
537,卫星,480
538,卫辉,481
539,即墨北,482
540,原平,483
541,原林,484
542,厦门,485
543,厦门北,485
544,友好,486
545,双丰,487
546,双凤驿,488
547,双城北,489
548,双城堡,490
549,双子河,491
550,双峰北,492
551,双柳,493
552,双河镇,494
553,双泡子,495
554,双流机场,496
555,双流西,497
556,双牌,498
557,双石桥,499
558,双辽,500
559,双鸭山,501
560,双龙山,502
561,发耳,503
562,口前,504
563,古东,505
564,古交,506
565,古城,507
566,古城子,508
567,古城镇,509
568,古家沱,510
569,古浪,511
570,古源,512
571,古田,513
572,古田会址,514
573,古田北,513
574,古莲,515
575,古镇,516
576,古鲁满汗,517
577,句容西,518
578,台前,519
579,台安,520
580,台州,521
581,史家铺,522
582,叶城,523
583,叶柏寿,524
584,司家岭,525
585,合川,526
586,合浦,527
587,合肥,528
588,合肥北城,528
589,合肥南,528
590,合阳北,529
591,吉安,530
592,吉文,531
593,吉新河,532
594,吉林,533
595,吉舒,534
596,吉首,535
597,同心,536
598,同江,537
599,后寨,538
600,吐列毛杜,539
601,吐哈,540
602,吐鲁番,541
603,吐鲁番北,541
604,向塘,542
605,向阳,543
606,向阳川,544
607,吕梁,545
608,吴堡,546
609,吴官田,547
610,吴家屯,548
611,吴家川,549
612,吴桥,550
613,周口,551
614,周家,552
615,周家屯,553
616,呼兰,554
617,呼和浩特,555
618,呼和浩特东,555
619,呼鲁斯太,556
620,和什托洛盖,557
621,和平,558
622,和田,559
623,和硕,560
624,和龙,561
625,咸宁,562
626,咸宁东,562
627,咸宁北,562
628,咸宁南,562
629,咸阳,563
630,哈业胡同,564
631,哈克,565
632,哈力图,566
633,哈密,567
634,哈尔巴岭,568
635,哈尔滨,569
636,哈尔滨北,569
637,哈尔滨西,569
638,哈拉苏,570
639,哈日努拉,571
640,哈达,572
641,哈达阳,573
642,哲里木,574
643,唐家湾,575
644,唐山,576
645,唐山北,576
646,唐河,577
647,商丘,578
648,商丘南,578
649,商南,579
650,商城,580
651,商河,581
652,商洛,582
653,商都,583
654,喀什,584
655,喀喇其,585
656,喇嘛山,586
657,喜德,587
658,嘉兴,588
659,嘉兴南,588
660,嘉善,589
661,嘉善南,589
662,嘉峪关,590
663,嘉峪关南,591
664,嘉峰,592
665,嘉祥,593
666,嘎什吐,594
667,嘎什甸子,595
668,嘎拉德斯汰,596
669,四会,597
670,四分地,598
671,四分滩,599
672,四合,600
673,四合永,601
674,四家子,602
675,四平,603
676,四平东,603
677,四方台,604
678,四道湾,605
679,四马架,606
680,团结,607
681,园墩,608
682,固原,609
683,固始,610
684,固镇,611
685,图们,612
686,图们北,612
687,图强,613
688,图里河,614
689,土们岭,615
690,土地堂东,616
691,土桥子,617
692,土溪,618
693,土牧尔台,619
694,土贵乌拉,620
695,土门子,621
696,圣浪,622
697,坝梁,623
698,坡底下,624
699,坪上,625
700,坪石,626
701,埃岱,627
702,城固,628
703,城子坦,629
704,堡子湾,630
705,塔哈,631
706,塔尔根,632
707,塔尔气,633
708,塔崖驿,634
709,塔河,635
710,塔源,636
711,塘沽,637
712,塘豹,638
713,墨玉,639
714,夏坝,640
715,夏官营,641
716,夏拉哈马,642
717,夏石,643
718,夏邑县,644
719,大东,645
720,大乌苏,646
721,大余,647
722,大关,648
723,大兴,649
724,大兴沟,650
725,大其拉哈,651
726,大冶北,652
727,大口钦,653
728,大同,654
729,大坝,655
730,大埔,656
731,大堡,657
732,大孤山,658
733,大安北,659
734,大官屯,660
735,大屯,661
736,大山铺,662
737,大巴,663
738,大平房,664
739,大庆,665
740,大庆东,665
741,大庆西,665
742,大徐屯,666
743,大成,667
744,大战场,668
745,大扬气,669
746,大旺,670
747,大杖子,671
748,大杨树,672
749,大杨树东,673
750,大板,674
751,大林,675
752,大武口,676
753,大民屯,677
754,大河坝,678
755,大涧,679
756,大湾子,680
757,大灰厂,681
758,大理,682
759,大田边,683
760,大盘石,684
761,大石头,685
762,大石寨,686
763,大石桥,687
764,大磴沟,688
765,大竹园,689
766,大红旗,690
767,大英东,691
768,大苴,692
769,大营,693
770,大营镇,694
771,大虎山,695
772,大西,696
773,大足,697
774,大足南,697
775,大辛庄,698
776,大连,699
777,大连北,699
778,大通西,700
779,大陆号,701
780,大雁,702
781,大雅河,703
782,大青沟,704
783,天义,705
784,天岗,706
785,天柱山,707
786,天桥,708
787,天桥岭,709
788,天水,710
789,天津,711
790,天津南,711
791,天津西,711
792,天祝,712
793,天西,713
794,天镇,714
795,天门,715
796,天门南,716
797,太原,717
798,太原东,717
799,太原南,717
800,太姥山,718
801,太平川,719
802,太平庄,720
803,太平镇,721
804,太湖,722
805,太白,723
806,太谷,724
807,太谷西,724
808,太阳升,725
809,太阳山,726
810,太阳沟,727
811,头道桥,728
812,奇峰塔,729
813,奈曼,730
814,奉化,731
815,奎屯,732
816,奎山,733
817,女儿河,734
818,好鲁库,735
819,如东,736
820,如皋,737
821,始兴,738
822,姑家堡,739
823,姚千户屯,740
824,姚安,741
825,姚家,742
826,姜堰,743
827,姜家,744
828,威宁,745
829,威岭,746
830,威海,747
831,威箐,748
832,威舍,749
833,娄山关,750
834,娄底,751
835,娄底南,751
836,娘娘庙,752
837,娘子关,753
838,婺源,754
839,嫩江,755
840,子洲,756
841,子长,757
842,孔垄,758
843,孔家沟,759
844,孔庄,760
845,孔滩,761
846,孙吴,762
847,孙家,763
848,孙镇,764
849,孝南,765
850,孝感,766
851,孝感北,766
852,孝西,767
853,孟家岗,768
854,孟庄,769
855,孟津,770
856,孤山,771
857,孤山口,772
858,孤山子,773
859,学庄,774
860,宁东,775
861,宁东南,775
862,宁乡,776
863,宁国,777
864,宁安,778
865,宁德,779
866,宁明,780
867,宁武,781
868,宁波,782
869,宁海,783
870,宁陵县,784
871,宇宙地,785
872,安亭北,786
873,安仁,787
874,安化,788
875,安口窑,789
876,安图,790
877,安图西,790
878,安塘,791
879,安多,792
880,安定,793
881,安家,794
882,安富镇,795
883,安平,796
884,安广,797
885,安庆,798
886,安庆沟,799
887,安庆西,798
888,安康,800
889,安德,801
890,安达,802
891,安阳,803
892,安阳东,803
893,安陆,804
894,安顺,805
895,安龙,806
896,宋,807
897,宋城路,808
898,完工,809
899,宏庆,810
900,官厅,811
901,官厅西,811
902,官字井,812
903,官高,813
904,定南,814
905,定州,815
906,定州东,815
907,定襄,816
908,定西,817
909,定边,818
910,定远,819
911,定陶,820
912,宜兴,821
913,宜城,822
914,宜宾,823
915,宜宾南,823
916,宜州,824
917,宜昌东,825
918,宜春,826
919,宜耐,827
920,宜良北,828
921,宝华山,829
922,宝拉格,830
923,宝木吐,831
924,宝林,832
925,宝泉岭,833
926,宝清,834
927,宝老山,835
928,宝鸡,836
929,宝龙山,837
930,宣化,838
931,宣和,839
932,宣城,840
933,宣威,841
934,宣家沟,842
935,宣汉,843
936,容县,844
937,容桂,845
938,宽甸,846
939,宾阳,847
940,宿州,848
941,宿州东,848
942,宿松,849
943,密云北,850
944,密山,851
945,密山西,851
946,富县,852
947,富县东,852
948,富川,853
949,富拉尔基,854
950,富海,855
951,富源,856
952,富裕,857
953,富锦,858
954,寒岭,859
955,寒葱沟,860
956,察素齐,861
957,对青山,862
958,寿阳,863
959,将乐,864
960,小东,865
961,小儿坪,866
962,小关溪,867
963,小南海,868
964,小哨,869
965,小姑家,870
966,小宋,871
967,小寺沟,872
968,小山,873
969,小岭,874
970,小市,875
971,小得江,876
972,小扬气,877
973,小新街,878
974,小月旧,879
975,小村,880
976,小榄,881
977,小榆树,882
978,小池口,883
979,小河沿,884
980,小河镇,885
981,小白,886
982,小西庄,887
983,小金口,888
984,小雨谷,889
985,小黑山,890
986,尔赛河,891
987,尖峰,892
988,尚家,893
989,尚志,894
990,尤溪,895
991,尹地,896
992,尼勒克,897
993,尼日,898
994,尼木,899
995,尼波,900
996,屏边,901
997,山丹,902
998,山坡东,903
999,山城镇,904
1000,山市,905
1001,山河屯,906
1002,山海关,907
1003,山湾子,908
1004,山阴,909
1005,岑溪,910
1006,岔江,911
1007,岔河,912
1008,岢岚,913
1009,岩会,914
1010,岩山,915
1011,岭北,916
1012,岭南,917
1013,岱岳,918
1014,岳家井,919
1015,岳池,920
1016,岳阳,921
1017,岳阳东,921
1018,峡江,922
1019,峨眉,923
1020,峨眉山,924
1021,峨边,925
1022,峰洞,926
1023,峰高铺,927
1024,峻德,928
1025,崇信,929
1026,崇左,930
1027,崖州,931
1028,嵯岗,932
1029,巢湖,933
1030,巢湖东,933
1031,工农湖,934
1032,左家,935
1033,巨宝,936
1034,巨野,937
1035,巩义,938
1036,巴东,939
1037,巴中,940
1038,巴山,941
1039,巴彦郭勒,942
1040,巴彦高勒,943
1041,巴林,944
1042,巴楚,945
1043,布敦化,946
1044,布海,947
1045,师宗,948
1046,师庄,949
1047,带岭,950
1048,常州,951
1049,常州北,951
1050,常平,952
1051,常平东,952
1052,常庄,953
1053,常德,954
1054,帽儿山,955
1055,干塘,956
1056,干溪沟,957
1057,平关,958
1058,平凉,959
1059,平凉南,959
1060,平南南,960
1061,平原,961
1062,平原堡,962
1063,平型关,963
1064,平安,964
1065,平安驿,965
1066,平山,966
1067,平峪,967
1068,平庄,968
1069,平庄南,969
1070,平度,970
1071,平房,971
1072,平旺,972
1073,平昌,973
1074,平果,974
1075,平河口,975
1076,平泉,976
1077,平洋,977
1078,平田,978
1079,平社,979
1080,平等,980
1081,平罗,981
1082,平遥,982
1083,平遥古城,983
1084,平邑,984
1085,平顶山,985
1086,平顶山西,985
1087,平顶庙,986
1088,广元,987
1089,广南卫,988
1090,广宁,989
1091,广宁寺,990
1092,广安,991
1093,广安南,991
1094,广州,992
1095,广州东,992
1096,广州北,992
1097,广州南,992
1098,广德,993
1099,广德号,994
1100,广水,995
1101,广汉北,996
1102,广通北,997
1103,广顺场,998
1104,庄桥,999
1105,庄河北,1000
1106,庆丰,1001
1107,庆安,1002
1108,庆盛,1003
1109,庆阳山,1004
1110,庐山,1005
1111,庐江,1006
1112,库伦,1007
1113,库尔勒,1008
1114,库车,1009
1115,库都尔,1010
1116,应县,1011
1117,应城,1012
1118,庙城,1013
1119,庙宫,1014
1120,庙山,1015
1121,庙岭,1016
1122,庙庄,1017
1123,庙阳,1018
1124,康城,1019
1125,康庄,1020
1126,康金井,1021
1127,廉江,1022
1128,廊坊,1023
1129,廊坊北,1023
1130,延吉,1024
1131,延吉西,1024
1132,延安,1025
1133,建三江,1026
1134,建始,1027
1135,建宁县北,1028
1136,建昌,1029
1137,建水,1030
1138,建湖,1031
1139,建瓯,1032
1140,建瓯西,1032
1141,建设,1033
1142,建阳,1034
1143,开原,1035
1144,开原西,1035
1145,开封,1036
1146,开江,1037
1147,开通,1038
1148,开道,1039
1149,开阳,1040
1150,开鲁,1041
1151,弋江,1042
1152,弋阳,1043
1153,弓棚子,1044
1154,张三营,1045
1155,张兰,1046
1156,张台子,1047
1157,张家口南,1048
1158,张家界,1049
1159,张掖,1050
1160,张掖西,1050
1161,张桥,1051
1162,张百湾,1052
1163,张维屯,1053
1164,张辛,1054
1165,弥渡,1055
1166,弯易,1056
1167,弯道,1057
1168,弯郎,1058
1169,归流河,1059
1170,当涂东,1060
1171,当阳,1061
1172,当雄,1062
1173,彝良,1063
1174,彝良南,1063
1175,彭山北,1064
1176,彭州,1065
1177,彭水,1066
1178,彭泽,1067
1179,彭阳,1068
1180,彰武,1069
1181,影壁山,1070
1182,待王,1071
1183,徐家,1072
1184,徐州,1073
1185,徐州东,1073
1186,徐水,1074
1187,徐闻,1075
1188,得耳布尔,1076
1189,徘徊北,1077
1190,德令哈,1078
1191,德伯斯,1079
1192,德保,1080
1193,德兴,1081
1194,德安,1082
1195,德州,1083
1196,德州东,1083
1197,德惠,1084
1198,德惠西,1084
1199,德日斯图,1085
1200,德昌,1086
1201,德清,1087
1202,德清西,1087
1203,德阳,1088
1204,徽县,1089
1205,忻州,1090
1206,怀仁,1091
1207,怀仁东,1091
1208,怀化,1092
1209,怀化南,1092
1210,怀柔,1093
1211,怀柔北,1093
1212,怀集,1094
1213,恒地营,1095
1214,恩施,1096
1215,恭城,1097
1216,息县,1098
1217,息烽,1099
1218,悬钟,1100
1219,惠东,1101
1220,惠农,1102
1221,惠安,1103
1222,惠山,1104
1223,惠州,1105
1224,惠州南,1105
1225,惠州西,1105
1226,惠环,1106
1227,慈利,1107
1228,成吉思汗,1108
1229,成都,1109
1230,成都东,1109
1231,成都南,1109
1232,成高子,1110
1233,戚墅堰,1111
1234,扎兰屯,1112
1235,扎罗木得,1113
1236,扎赉诺尔,1114
1237,扎赉诺尔西,1114
1238,扎音河,1115
1239,扎鲁特,1116
1240,打柴沟,1117
1241,打羊,1118
1242,扬州,1119
1243,扶余,1120
1244,扶余北,1120
1245,扶绥,1121
1246,承德,1122
1247,承德东,1122
1248,抚宁,1123
1249,抚州,1124
1250,抚州东,1124
1251,抚松,1125
1252,抚远,1126
1253,抚顺,1127
1254,抚顺北,1127
1255,拉古,1128
1256,拉哈,1129
1257,拉林,1130
1258,拉白,1131
1259,拉萨,1132
1260,拉鲊,1133
1261,招柏,1134
1262,换新天,1135
1263,揭阳,1136
1264,攀枝花,1137
1265,攸县南,1138
1266,敖力布告,1139
1267,敖头,1140
1268,敖来,1141
1269,敖汉,1142
1270,敦化,1143
1271,敦煌,1144
1272,敬梓场,1145
1273,文地,1146
1274,文昌,1147
1275,文水,1148
1276,文登,1149
1277,文登东,1149
1278,斗沟子,1150
1279,斜河涧,1151
1280,新乡,1152
1281,新乡东,1152
1282,新会,1153
1283,新余,1154
1284,新余北,1154
1285,新凉,1155
1286,新化,1156
1287,新化南,1156
1288,新华,1157
1289,新华屯,1158
1290,新县,1159
1291,新友谊,1160
1292,新和,1161
1293,新固镇,1162
1294,新场,1163
1295,新坪田,1164
1296,新天,1165
1297,新安,1166
1298,新安县,1167
1299,新安庄,1168
1300,新寒岭,1169
1301,新帐房,1170
1302,新干,1171
1303,新平坝,1172
1304,新开,1173
1305,新彦,1174
1306,新晃,1175
1307,新晃西,1175
1308,新李,1176
1309,新杖子,1177
1310,新松浦,1178
1311,新林,1179
1312,新民,1180
1313,新江,1181
1314,新沂,1182
1315,新津,1183
1316,新津南,1183
1317,新窝铺,1184
1318,新立屯,1185
1319,新立镇,1186
1320,新绛,1187
1321,新绰源,1188
1322,新肇,1189
1323,新邱,1190
1324,新郑机场,1191
1325,新都东,1192
1326,新阳镇,1193
1327,新青,1194
1328,新香坊,1195
1329,新高峰,1196
1330,施家嘴,1197
1331,施秉,1198
1332,旌德,1199
1333,旗下营,1200
1334,无为,1201
1335,无锡,1202
1336,无锡东,1202
1337,无锡新区,1203
1338,日喀则,1204
1339,日照,1205
1340,旧庄窝,1206
1341,旬阳,1207
1342,旬阳北,1207
1343,昂乃,1208
1344,昂昂溪,1209
1345,昆山,1210
1346,昆山南,1210
1347,昆明,1211
1348,昆独仑召,1212
1349,昆都庙,1213
1350,昆阳,1214
1351,昌乐,1215
1352,昌图,1216
1353,昌图西,1216
1354,昌平,1217
1355,昌黎,1218
1356,明光,1219
1357,明城,1220
1358,明安,1221
1359,明水河,1222
1360,明港东,1223
1361,明珠,1224
1362,星朗,1225
1363,星耀,1226
1364,春亭阁,1227
1365,春阳,1228
1366,昭通,1229
1367,昭通北,1229
1368,昭通南,1229
1369,晋中,1230
1370,晋城,1231
1371,晋城北,1231
1372,晋州,1232
1373,晋江,1233
1374,晏城,1234
1375,晨明,1235
1376,普兰店,1236
1377,普宁,1237
1378,普安,1238
1379,普定,1239
1380,普洱渡,1240
1381,普湾,1241
1382,普雄,1242
1383,景德镇,1243
1384,景泰,1244
1385,暖泉,1245
1386,曲家店,1246
1387,曲水县,1247
1388,曲江,1248
1389,曲阜,1249
1390,曲阜东,1249
1391,曲靖,1250
1392,曹县,1251
1393,曹家营子,1252
1394,曾家坪子,1253
1395,月亮田,1254
1396,月华,1255
1397,月山,1256
1398,朔州,1257
1399,朗乡,1258
1400,望江,1259
1401,朝中,1260
1402,朝天,1261
1403,朝格温多尔,1262
1404,朝阳,1263
1405,朝阳地,1264
1406,朝阳川,1265
1407,朝阳村,1266
1408,朝阳镇,1267
1409,木竹河,1268
1410,木里图,1269
1411,本溪,1270
1412,本溪新城,1271
1413,朱家沟,1272
1414,朱家窑,1273
1415,朱日和,1274
1416,朱杨溪,1275
1417,朱石寨,1276
1418,李家,1277
1419,李家坪,1278
1420,李市镇,1279
1421,李旺,1280
1422,李石寨,1281
1423,杏树,1282
1424,杏树屯,1283
1425,杜家,1284
1426,来宾,1285
1427,来宾北,1285
1428,杨家店,1286
1429,杨家营,1287
1430,杨岗,1288
1431,杨木,1289
1432,杨村,1290
1433,杨杖子,1291
1434,杨林,1292
1435,杨柳青,1293
1436,杨树岭,1294
1437,杨树湾,1295
1438,杨漩,1296
1439,杨陵,1297
1440,杭州,1298
1441,杭州东,1298
1442,杭锦旗,1299
1443,松原,1300
1444,松原北,1300
1445,松坎,1301
1446,松坝,1302
1447,松树,1303
1448,松树台,1304
1449,松树林,1305
1450,松树镇,1306
1451,松桃,1307
1452,松江,1308
1453,松江南,1308
1454,松江河,1309
1455,松江镇,1310
1456,松河,1311
1457,松滋,1312
1458,松青,1313
1459,板城,1314
1460,板石河,1315
1461,枕头峰,1316
1462,林东,1317
1463,林口,1318
1464,林家台,1319
1465,林海,1320
1466,林源,1321
1467,林盛堡,1322
1468,林西,1323
1469,果松,1324
1470,枝城,1325
1471,枝江北,1326
1472,枣子林,1327
1473,枣庄,1328
1474,枣庄东,1328
1475,枣庄西,1328
1476,枣强,1329
1477,枣林,1330
1478,枣阳,1331
1479,柏村,1332
1480,柏林,1333
1481,柏果,1334
1482,柞水,1335
1483,查布嘎,1336
1484,查干哈达,1337
1485,查干特格,1338
1486,查干芒和,1339
1487,柯坪,1340
1488,柯柯,1341
1489,柳园,1342
1490,柳园南,1342
1491,柳家庄,1343
1492,柳州,1344
1493,柳林南,1345
1494,柳树,1346
1495,柳树屯,1347
1496,柳毛,1348
1497,柳毛沟,1349
1498,柳沟,1350
1499,柳河,1351
1500,柴沟堡,1352
1501,柴河,1353
1502,栟茶,1354
1503,株洲,1355
1504,株洲西,1355
1505,核桃园,1356
1506,根河,1357
1507,格尔木,1358
1508,桂平,1359
1509,桂林,1360
1510,桂林北,1360
1511,桂林西,1360
1512,桃园,1361
1513,桃山,1362
1514,桃村,1363
1515,桃村北,1363
1516,桐乡,1364
1517,桐城,1365
1518,桐子林,1366
1519,桐木寨,1367
1520,桐柏,1368
1521,桐梓,1369
1522,桑根达来,1370
1523,桓龙湖,1371
1524,桥北,1372
1525,桥头,1373
1526,桥湾,1374
1527,桦南,1375
1528,桦林,1376
1529,桦皮厂,1377
1530,梁山,1378
1531,梁平,1379
1532,梁底下,1380
1533,梅州,1381
1534,梅河口,1382
1535,梧州,1383
1536,梧州南,1383
1537,梨树镇,1384
1538,棋子湾,1385
1539,棋盘,1386
1540,楚山,1387
1541,楚雄,1388
1542,楚鲁图,1389
1543,榆林,1390
1544,榆树,1391
1545,榆树屯,1392
1546,榆树川,1393
1547,榆树沟,1394
1548,榆次,1395
1549,榆社,1396
1550,榕江,1397
1551,樟木头东,1398
1552,樟树,1399
1553,樟树东,1399
1554,横峰,1400
1555,横江,1401
1556,横沟桥东,1402
1557,横道河子,1403
1558,歙县,1404
1559,歙县北,1404
1560,正定,1405
1561,正定机场,1406
1562,正镶白旗,1407
1563,武义,1408
1564,武义北,1408
1565,武乡,1409
1566,武功,1410
1567,武夷山,1411
1568,武夷山东,1412
1569,武夷山北,1413
1570,武威,1414
1571,武威南,1414
1572,武安,1415
1573,武山,1416
1574,武当山,1417
1575,武昌,1418
1576,武汉,1419
1577,武清,1420
1578,武穴,1421
1579,武胜,1422
1580,武陟,1423
1581,武隆,1424
1582,歪头山,1425
1583,毛告吐,1426
1584,毛坝,1427
1585,毛坝关,1427
1586,毫州,1428
1587,民乐,1429
1588,民和南,1430
1589,民族,1431
1590,民权,1432
1591,民福寺,1433
1592,氡泉,1434
1593,水地,1435
1594,水家湖,1436
1595,水富,1437
1596,水沟,1438
1597,水泉,1439
1598,水洞,1440
1599,水源,1441
1600,永丰营,1442
1601,永乐店,1443
1602,永修,1444
1603,永和,1445
1604,永嘉,1446
1605,永安,1447
1606,永安乡,1448
1607,永定,1449
1608,永川,1450
1609,永川东,1450
1610,永州,1451
1611,永康,1452
1612,永康南,1452
1613,永泰,1453
1614,永济,1454
1615,永济北,1454
1616,永甸,1455
1617,永登,1456
1618,永福南,1457
1619,永胜,1458
1620,永郎,1459
1621,汇塘河,1460
1622,汇流河,1461
1623,汉中,1462
1624,汉口,1463
1625,汉寿,1464
1626,汉川,1465
1627,汉源,1466
1628,汉阴,1467
1629,汐子,1468
1630,汕头,1469
1631,汕尾,1470
1632,汗苏鲁,1471
1633,汝州,1472
1634,汝箕沟,1473
1635,江华,1474
1636,江宁,1475
1637,江宁西,1475
1638,江密峰,1476
1639,江山,1477
1640,江所田,1478
1641,江桥,1479
1642,江永,1480
1643,江油,1481
1644,江津,1482
1645,江源,1483
1646,江西村,1484
1647,江都,1485
1648,江门,1486
1649,池州,1487
1650,汤原,1488
1651,汤头沟,1489
1652,汤山城,1490
1653,汤旺河,1491
1654,汤池,1492
1655,汤逊湖,1493
1656,汤阴,1494
1657,汨罗,1495
1658,汨罗东,1495
1659,汪清,1496
1660,汾河,1497
1661,汾阳,1498
1662,沁县,1499
1663,沂南,1500
1664,沂水,1501
1665,沃皮,1502
1666,沈丘,1503
1667,沈家,1504
1668,沈家河,1505
1669,沈阳,1506
1670,沈阳北,1506
1671,沈阳南,1506
1672,沈阳西,1506
1673,沐滂,1507
1674,沙园,1508
1675,沙坡头,1509
1676,沙坨子,1510
1677,沙城,1511
1678,沙岭子,1512
1679,沙日乃,1513
1680,沙桥,1514
1681,沙沙坡,1515
1682,沙沱,1516
1683,沙河市,1517
1684,沙海,1518
1685,沙湾,1519
1686,沙湾县,1520
1687,沙马拉达,1521
1688,沟口,1522
1689,沟帮子,1523
1690,沥林北,1524
1691,沧州,1525
1692,沧州西,1525
1693,沭阳,1526
1694,河口北,1527
1695,河口南,1528
1696,河唇,1529
1697,河洛营,1530
1698,河津,1531
1699,河源,1532
1700,河边,1533
1701,油溪,1534
1702,治安,1535
1703,治山,1536
1704,沿河城,1537
1705,泉州,1538
1706,泉水,1539
1707,泉江,1540
1708,泉阳,1541
1709,泊头,1542
1710,泔溪,1543
1711,泗县,1544
1712,泗水,1545
1713,泗洪,1546
1714,泗阳,1547
1715,泡子,1548
1716,泰和,1549
1717,泰宁,1550
1718,泰安,1551
1719,泰山,1552
1720,泰州,1553
1721,泰康,1554
1722,泰来,1555
1723,泽普,1556
1724,泾县,1557
1725,泾川,1558
1726,洋河,1559
1727,洛湾三江,1560
1728,洛碛,1561
1729,洛门,1562
1730,洛阳,1563
1731,洛阳东,1563
1732,洛阳龙门,1564
1733,洞庙河,1565
1734,洪河,1566
1735,洪洞,1567
1736,洪洞西,1567
1737,洮南,1568
1738,流水沟,1569
1739,济南,1570
1740,济南东,1570
1741,济南西,1570
1742,济宁,1571
1743,济源,1572
1744,浠水,1573
1745,浩良河,1574
1746,浮图峪,1575
1747,海东西,1576
1748,海伦,1577
1749,海北,1578
1750,海口,1579
1751,海口东,1579
1752,海坨子,1580
1753,海城,1581
1754,海城西,1581
1755,海宁,1582
1756,海宁西,1582
1757,海安县,1583
1758,海拉尔,1584
1759,海林,1585
1760,海浪,1586
1761,海石湾,1587
1762,海阳,1588
1763,海阳北,1588
1764,涉县,1589
1765,涞源,1590
1766,涟源,1591
1767,涡阳,1592
1768,涪陵,1593
1769,涪陵北,1593
1770,涵江,1594
1771,涿州,1595
1772,涿州东,1595
1773,淄博,1596
1774,淮北,1597
1775,淮南,1598
1776,淮南东,1598
1777,淮安,1599
1778,淮滨,1600
1779,深井子,1601
1780,深圳,1602
1781,深圳东,1602
1782,深圳北,1602
1783,深圳坪山,1603
1784,深圳西,1602
1785,深州,1604
1786,清华园,1605
1787,清原,1606
1788,清徐,1607
1789,清水,1608
1790,清水北,1608
1791,清河,1609
1792,清河城,1610
1793,清河门,1611
1794,清涧县,1612
1795,清远,1613
1796,渑池,1614
1797,渠县,1615
1798,渠旧,1616
1799,渠黎,1617
1800,渡市,1618
1801,温岭,1619
1802,温州,1620
1803,温州南,1620
1804,温春,1621
1805,温泉寺,1622
1806,温都和硕,1623
1807,渭南,1624
1808,渭南北,1624
1809,渭南镇,1625
1810,湖口,1626
1811,湖州,1627
1812,湘乡,1628
1813,湘潭,1629
1814,湘潭北,1629
1815,湛江,1630
1816,湛江西,1630
1817,湟源,1631
1818,湾沟,1632
1819,溆浦,1633
1820,溆浦南,1633
1821,源潭,1634
1822,源迁,1635
1823,溧水,1636
1824,溧阳,1637
1825,滁州,1638
1826,滁州北,1638
1827,滕州,1639
1828,滕州东,1639
1829,满归,1640
1830,满洲里,1641
1831,滥坝,1642
1832,滦县,1643
1833,滦平,1644
1834,滦河,1645
1835,滦河沿,1646
1836,滨州,1647
1837,滨江,1648
1838,滨海,1649
1839,滨海北,1649
1840,滩头,1650
1841,滴道,1651
1842,漠河,1652
1843,漯河,1653
1844,漯河西,1653
1845,漳州,1654
1846,漳州东,1654
1847,漳平,1655
1848,漳浦,1656
1849,潍坊,1657
1850,潘家店,1658
1851,潜江,1659
1852,潞城,1660
1853,潢川,1661
1854,潮州,1662
1855,潮水,1663
1856,潮汕,1664
1857,潮阳,1665
1858,潼关,1666
1859,潼南,1667
1860,澧县,1668
1861,濑湍,1669
1862,濮阳,1670
1863,灌水,1671
1864,火炬沟,1672
1865,火烧寨,1673
1866,灯塔,1674
1867,灵丘,1675
1868,灵宝,1676
1869,灵山,1677
1870,灵武,1678
1871,灵璧,1679
1872,灵石,1680
1873,灵石东,1680
1874,炎陵,1681
1875,烟台,1682
1876,烟台南,1682
1877,烟筒屯,1683
1878,烟筒山,1684
1879,热水,1685
1880,焉耆,1686
1881,焦作,1687
1882,煤田,1688
1883,照福铺,1689
1884,熊岳城,1690
1885,燕子砭,1691
1886,燕家庄,1692
1887,燕山,1693
1888,燕岗,1694
1889,燕郊,1695
1890,爱河,1696
1891,牙克石,1697
1892,牙屯堡,1698
1893,牙拉盖图,1699
1894,牛家,1700
1895,牛家营子,1701
1896,牛庄,1702
1897,牛汾台,1703
1898,牟平,1704
1899,牡丹江,1705
1900,牧原,1706
1901,犀浦,1707
1902,犀浦东,1707
1903,独山,1708
1904,狮子营,1709
1905,狮山,1710
1906,狮山北,1711
1907,猛洞河,1712
1908,猛鹫山,1713
1909,猴山,1714
1910,玉屏,1715
1911,玉山,1716
1912,玉山南,1717
1913,玉林,1718
1914,玉泉,1719
1915,玉溪,1720
1916,玉田县,1721
1917,玉石,1722
1918,玉舍,1723
1919,玉门,1724
1920,王团庄,1725
1921,王场,1726
1922,王安镇,1727
1923,王家营西,1728
1924,王岗,1729
1925,王庄,1730
1926,王府,1731
1927,玛纳斯,1732
1928,珠斯花,1733
1929,珠海,1734
1930,珠海北,1734
1931,珠窝,1735
1932,班猫箐,1736
1933,珲春,1737
1934,琼海,1738
1935,瑞安,1739
1936,瑞昌,1740
1937,瑞金,1741
1938,璧山,1742
1939,瓜州,1743
1940,瓢儿屯,1744
1941,瓦屋山,1745
1942,瓦房,1746
1943,瓦房店,1747
1944,瓦房店西,1747
1945,瓦拉干,1748
1946,瓦祖,1749
1947,瓦窑坝,1750
1948,瓦窑田,1751
1949,甘旗卡,1752
1950,甘河,1753
1951,甘泉北,1754
1952,甘洛,1755
1953,甘草店,1756
1954,甘谷,1757
1955,田东北,1758
1956,田家沟,1759
1957,田师府,1760
1958,田林,1761
1959,田梁子,1762
1960,田阳,1763
1961,甲山,1764
1962,申家店,1765
1963,甸心,1766
1964,界首市,1767
1965,留庄,1768
1966,略阳,1769
1967,疏勒河,1770
1968,登沙河,1771
1969,白云鄂博,1772
1970,白合,1773
1971,白城,1774
1972,白壁关,1775
1973,白奎堡,1776
1974,白山乡,1777
1975,白山市,1778
1976,白彦花,1779
1977,白旗,1780
1978,白果,1781
1979,白桦排,1782
1980,白水江,1783
1981,白水镇,1784
1982,白沙,1785
1983,白沙坡,1786
1984,白沙沱,1787
1985,白沟,1788
1986,白河,1789
1987,白河东,1789
1988,白河县,1790
1989,白洋淀,1791
1990,白涛,1792
1991,白涧,1793
1992,白狼,1794
1993,白石山,1795
1994,白石岩,1796
1995,白芨沟,1797
1996,白银哈尔,1798
1997,白银市,1799
1998,白银西,1800
1999,白音他拉,1801
2000,白音华南,1802
2001,白音察干,1803
2002,白音胡硕,1804
2003,白马,1805
2004,白马井,1806
2005,白鸡坡,1807
2006,百宜,1808
2007,百色,1809
2008,百里峡,1810
2009,皋兰,1811
2010,皮口,1812
2011,皮山,1813
2012,益阳,1814
2013,盐城,1815
2014,盐池,1816
2015,盐津,1817
2016,盐津北,1817
2017,盖州,1818
2018,盖州西,1818
2019,盘关,1819
2020,盘古,1820
2021,盘古寺,1821
2022,盘锦,1822
2023,盘锦北,1822
2024,眉山,1823
2025,眉山东,1823
2026,石人城,1824
2027,石嘴山,1825
2028,石场,1826
2029,石坝,1827
2030,石城,1828
2031,石头,1829
2032,石家庄,1830
2033,石家庄北,1830
2034,石山,1831
2035,石岭,1832
2036,石峡子,1833
2037,石林,1834
2038,石林南,1834
2039,石柱县,1835
2040,石桥子,1836
2041,石河子,1837
2042,石泉县,1838
2043,石湖,1839
2044,石磷,1840
2045,石脑,1841
2046,石门县北,1842
2047,石门坎,1843
2048,石门子,1844
2049,石门村,1845
2050,砀山,1846
2051,砚川,1847
2052,砬子河,1848
2053,确山,1849
2054,碧州,1850
2055,碧江,1851
2056,碱柜,1852
2057,碾子山,1853
2058,磁县,1854
2059,磁山,1855
2060,磁窑,1856
2061,磐安镇,1857
2062,磐石,1858
2063,磨刀石,1859
2064,磨溪,1860
2065,磨滩,1861
2066,礼泉,1862
2067,祁东,1863
2068,祁县,1864
2069,祁县东,1864
2070,祁家堡,1865
2071,祁门,1866
2072,祁阳,1867
2073,神头,1868
2074,神峪河,1869
2075,神州,1870
2076,神木,1871
2077,神树,1872
2078,神池,1873
2079,祥云,1874
2080,禄丰南,1875
2081,福兴地,1876
2082,福利屯,1877
2083,福安,1878
2084,福山口,1879
2085,福山镇,1880
2086,福州,1881
2087,福州南,1881
2088,福巨,1882
2089,福泉,1883
2090,福海,1884
2091,福清,1885
2092,福生庄,1886
2093,福田,1887
2094,福鼎,1888
2095,禹城,1889
2096,离堆公园,1890
2097,秀山,1891
2098,秋木庄,1892
2099,秦家,1893
2100,秦家庄,1894
2101,秦岭,1895
2102,秦皇岛,1896
2103,秧草地,1897
2104,稷山,1898
2105,穆棱,1899
2106,窑上,1900
2107,立志,1901
2108,章丘,1902
2109,章党,1903
2110,章古台,1904
2111,端州,1905
2112,竹园坝,1906
2113,笔架山,1907
2114,简阳,1908
2115,简阳南,1908
2116,米易,1909
2117,米沙子,1910
2118,米脂,1911
2119,精河南,1912
2120,索伦,1913
2121,索图罕,1914
2122,紫荆关,1915
2123,紫阳,1916
2124,綦江,1917
2125,繁峙,1918
2126,繁昌西,1919
2127,红光镇,1920
2128,红兴隆,1921
2129,红安西,1922
2130,红寺堡,1923
2131,红山,1924
2132,红岘台,1925
2133,红峰,1926
2134,红彦,1927
2135,红旗营,1928
2136,红星,1929
2137,红果,1930
2138,红江,1931
2139,红砂坝,1932
2140,红砂岘,1933
2141,红花园,1934
2142,红花沟,1935
2143,纪家沟,1936
2144,纳雍,1937
2145,纸坊东,1938
2146,绅坊,1939
2147,织金,1940
2148,绍兴,1941
2149,绍兴北,1941
2150,经棚,1942
2151,绕阳河,1943
2152,统军庄,1944
2153,绣峰,1945
2154,绥中,1946
2155,绥中北,1946
2156,绥化,1947
2157,绥德,1948
2158,绥棱,1949
2159,绥芬河,1950
2160,绥阳,1951
2161,绩溪北,1952
2162,绩溪县,1953
2163,绵阳,1954
2164,绿化,1955
2165,绿博园,1956
2166,绿潭,1957
2167,缙云,1958
2168,缙云西,1958
2169,罗城,1959
2170,罗山,1960
2171,罗平,1961
2172,罗江东,1962
2173,罗源,1963
2174,羊圈子,1964
2175,羊场,1965
2176,羊坪,1966
2177,羊堡,1967
2178,羊尾哨,1968
2179,羊者窝,1969
2180,羊臼河,1970
2181,羊草,1971
2182,美兰,1972
2183,美岱召,1973
2184,美溪,1974
2185,翠岗,1975
2186,翠峰,1976
2187,老城镇,1977
2188,老岭,1978
2189,老府,1979
2190,老爷岭,1980
2191,老羊壕,1981
2192,老莱,1982
2193,老营,1983
2194,老边,1984
2195,耒阳,1985
2196,耒阳西,1985
2197,聂河,1986
2198,聊城,1987
2199,联合乡,1988
2200,肃宁,1989
2201,肇东,1990
2202,肇庆,1991
2203,肇庆东,1991
2204,肥东,1992
2205,背荫河,1993
2206,胜芳,1994
2207,胶州,1995
2208,胶州北,1995
2209,能家,1996
2210,腰栈,1997
2211,自贡,1998
2212,舍伯吐,1999
2213,舍力虎,2000
2214,舒兰,2001
2215,舒城,2002
2216,良各庄,2003
2217,艾不盖,2004
2218,艾家村,2005
2219,艾河,2006
2220,芜湖,2007
2221,芦台,2008
2222,芦家庄,2009
2223,芦家村,2010
2224,芦沟,2011
2225,芨岭,2012
2226,花园,2013
2227,花园口,2014
2228,花土坡,2015
2229,花家庄,2016
2230,花桥,2017
2231,花棚子,2018
2232,芷江,2019
2233,苇河,2020
2234,苍南,2021
2235,苍坪,2022
2236,苍溪,2023
2237,苍石,2024
2238,苏北,2025
2239,苏家屯,2026
2240,苏州,2027
2241,苏州北,2027
2242,苏州园区,2028
2243,苏州新区,2029
2244,苏雄,2030
2245,苏集,2031
2246,苔青,2032
2247,英吉沙,2033
2248,英德,2034
2249,英德西,2034
2250,茂名,2035
2251,茂名东,2035
2252,茂名西,2035
2253,茂林,2036
2254,茂舍祖,2037
2255,范家屯,2038
2256,范镇,2039
2257,茄子溪,2040
2258,茅草坪,2041
2259,茨冲,2042
2260,茨坝,2043
2261,茶条沟,2044
2262,茶陵南,2045
2263,荆州,2046
2264,荆门,2047
2265,草市,2048
2266,草河口,2049
2267,草海,2050
2268,荒沟西,2051
2269,荣成,2052
2270,荣昌,2053
2271,荣昌北,2053
2272,莆田,2054
2273,莎车,2055
2274,莒南,2056
2275,莒县,2057
2276,莫尔道嘎,2058
2277,莱芜东,2059
2278,莱西,2060
2279,莱西北,2060
2280,莱阳,2061
2281,莲江口,2062
2282,莲花山,2063
2283,获嘉,2064
2284,菇园,2065
2285,菏泽,2066
2286,萍乡,2067
2287,萍乡北,2067
2288,营北,2068
2289,营口,2069
2290,营口东,2069
2291,营城,2070
2292,营山,2071
2293,营盘水,2072
2294,营盘湾,2073
2295,营街,2074
2296,萨拉齐,2075
2297,落坡岭,2076
2298,落垡,2077
2299,葛店南,2078
2300,葛根庙,2079
2301,葫芦岛,2080
2302,葫芦岛北,2080
2303,葵潭,2081
2304,蒙渡,2082
2305,蒙自,2083
2306,蒙自北,2083
2307,蒲坝,2084
2308,蒲城,2085
2309,蒲城东,2085
2310,蓝村,2086
2311,蓟县,2087
2312,蓬安,2088
2313,蔡家坡,2089
2314,蔡家沟,2090
2315,蔡山,2091
2316,蔺家楼,2092
2317,蕲春,2093
2318,藁城,2094
2319,藤县,2095
2320,虎尔虎拉,2096
2321,虎山,2097
2322,虎峰,2098
2323,虎林,2099
2324,虎门,2100
2325,虞城县,2101
2326,虢镇,2102
2327,蚌埠,2103
2328,蚌埠南,2103
2329,蛟河,2104
2330,蛟河西,2104
2331,融安,2105
2332,融水,2106
2333,衙门庙,2107
2334,衡山,2108
2335,衡山西,2108
2336,衡水,2109
2337,衡阳,2110
2338,衡阳东,2110
2339,衢州,2111
2340,裕国,2112
2341,裴德,2113
2342,褚家湾,2114
2343,襄垣,2115
2344,襄汾,2116
2345,襄汾西,2116
2346,襄河,2117
2347,襄阳,2118
2348,襄阳东,2118
2349,西丰,2119
2350,西乌旗,2120
2351,西乡,2121
2352,西六方,2122
2353,西哲里木,2123
2354,西固城,2124
2355,西大庙,2125
2356,西宁,2126
2357,西安,2127
2358,西安北,2127
2359,西安南,2127
2360,西小召,2128
2361,西岗子,2129
2362,西岭口,2130
2363,西峡,2131
2364,西平,2132
2365,西斗铺,2133
2366,西昌,2134
2367,西昌南,2134
2368,西林,2135
2369,西柳,2136
2370,西武匠,2137
2371,西湖东,2138
2372,西胡尔清,2139
2373,西街口,2140
2374,西里,2141
2375,西阳岔,2142
2376,西阳村,2143
2377,西麻山,2144
2378,角美,2145
2379,讷尔克气,2146
2380,讷河,2147
2381,许三湾,2148
2382,许家台,2149
2383,许家屯,2150
2384,许昌,2151
2385,许昌东,2151
2386,诏安,2152
2387,诸城,2153
2388,诸暨,2154
2389,谢家镇,2155
2390,谷城,2156
2391,豆庄,2157
2392,豆张庄,2158
2393,豆沙关,2159
2394,豆罗,2160
2395,贲红,2161
2396,贵定,2162
2397,贵定北,2162
2398,贵定南,2162
2399,贵定县,2163
2400,贵港,2164
2401,贵溪,2165
2402,贵阳,2166
2403,贵阳北,2166
2404,费县,2167
2405,贺家店,2168
2406,贺州,2169
2407,贺日斯台,2170
2408,贺胜桥东,2171
2409,资中,2172
2410,资中北,2172
2411,资溪,2173
2412,资阳,2174
2413,资阳北,2174
2414,赛乌苏,2175
2415,赛汗塔拉,2176
2416,赣州,2177
2417,赤壁,2178
2418,赤壁北,2178
2419,赤峰,2179
2420,赤峰东,2179
2421,赤峰西,2179
2422,赫尔洪得,2180
2423,赵光,2181
2424,赵城,2182
2425,赵庄,2183
2426,赶水,2184
2427,超梁沟,2185
2428,越西,2186
2429,路口铺,2187
2430,车转湾,2188
2431,轩岗,2189
2432,轮台,2190
2433,轵城,2191
2434,轸溪,2192
2435,辛集,2193
2436,辰清,2194
2437,辰溪,2195
2438,边沟,2196
2439,辽中,2197
2440,辽源,2198
2441,辽阳,2199
2442,达家沟,2200
2443,达州,2201
2444,达拉滨,2202
2445,达拉特西,2203
2446,达日其嘎,2204
2447,迁安,2205
2448,迎宾路,2206
2449,迎春,2207
2450,迎祥街,2208
2451,运城,2209
2452,运城北,2209
2453,进贤,2210
2454,进贤南,2210
2455,连云港东,2211
2456,连山关,2212
2457,连江,2213
2458,连珠山,2214
2459,迤资,2215
2460,迤那,2216
2461,通化,2217
2462,通化县,2218
2463,通北,2219
2464,通天屯,2220
2465,通安驿,2221
2466,通州西,2222
2467,通海,2223
2468,通辽,2224
2469,通远堡,2225
2470,通远堡西,2225
2471,通道,2226
2472,遂宁,2227
2473,遂平,2228
2474,遂溪,2229
2475,道仑郭勒,2230
2476,道州,2231
2477,道德,2232
2478,道清,2233
2479,遵义,2234
2480,邓家湾,2235
2481,邓州,2236
2482,邢台,2237
2483,邢台东,2237
2484,那曲,2238
2485,邯郸,2239
2486,邯郸东,2239
2487,邳州,2240
2488,邵东,2241
2489,邵家堂,2242
2490,邵武,2243
2491,邵阳,2244
2492,邵阳北,2244
2493,邹城,2245
2494,郁南,2246
2495,郁山,2247
2496,郑州,2248
2497,郑州东,2248
2498,郓城,2249
2499,郫县,2250
2500,郫县西,2250
2501,郭家屯,2251
2502,郭家店,2252
2503,郭尔奔敖包,2253
2504,郯城,2254
2505,郴州,2255
2506,郴州西,2255
2507,都匀,2256
2508,都匀东,2256
2509,都格,2257
2510,都江堰,2258
2511,鄂尔多斯,2259
2512,鄂州,2260
2513,鄄城,2261
2514,鄯善,2262
2515,鄯善北,2262
2516,酉阳,2263
2517,酒泉,2264
2518,酒泉南,2264
2519,醴陵,2265
2520,醴陵东,2265
2521,里木店,2266
2522,重庆,2267
2523,重庆北,2267
2524,重庆南,2267
2525,野三坡,2268
2526,金刚沱,2269
2527,金华,2270
2528,金华南,2270
2529,金口河,2271
2530,金坑,2272
2531,金城江,2273
2532,金宝屯,2274
2533,金家店,2275
2534,金寨,2276
2535,金山北,2277
2536,金山屯,2278
2537,金州,2279
2538,金昌,2280
2539,金杖子,2281
2540,金沟屯,2282
2541,金河,2283
2542,金银川,2284
2543,金马村,2285
2544,金鸡村,2286
2545,钟家村,2287
2546,钟山西,2288
2547,钟祥,2289
2548,钦州东,2290
2549,铁佛寺,2291
2550,铁力,2292
2551,铁厂,2293
2552,铁口,2294
2553,铁岭,2295
2554,铁岭西,2295
2555,铁西,2296
2556,铜仁,2297
2557,铜仁南,2297
2558,铜罐驿,2298
2559,铜陵,2299
2560,铜陵北,2299
2561,铜鼓溪,2300
2562,银川,2301
2563,银川南,2301
2564,银浪,2302
2565,银滩,2303
2566,银瓶,2304
2567,银镇,2305
2568,锡林呼都嘎,2306
2569,锡林浩特,2307
2570,锡铁山,2308
2571,锦州,2309
2572,锦州南,2309
2573,锦河,2310
2574,镇城底,2311
2575,镇安,2312
2576,镇平,2313
2577,镇江,2314
2578,镇江南,2314
2579,镇紫街,2315
2580,镇赉,2316
2581,镇远,2317
2582,镜铁山,2318
2583,长临河,2319
2584,长兴,2320
2585,长兴南,2320
2586,长农,2321
2587,长冲,2322
2588,长发屯,2323
2589,长坡岭,2324
2590,长垣,2325
2591,长城,2326
2592,长子,2327
2593,长寿,2328
2594,长寿北,2328
2595,长山屯,2329
2596,长庆桥,2330
2597,长征,2331
2598,长春,2332
2599,长春西,2332
2600,长武,2333
2601,长汀南,2334
2602,长汀镇,2335
2603,长沙,2336
2604,长沙南,2336
2605,长河碥,2337
2606,长治,2338
2607,长治北,2338
2608,长潭沟,2339
2609,长甸,2340
2610,长葛,2341
2611,长虹,2342
2612,长阳,2343
2613,门源,2344
2614,门达,2345
2615,闹海营,2346
2616,闻喜,2347
2617,闻喜西,2347
2618,闽清北,2348
2619,阆中,2349
2620,阎家,2350
2621,阎良,2351
2622,阜南,2352
2623,阜宁,2353
2624,阜新,2354
2625,阜阳,2355
2626,防城港北,2356
2627,阳信,2357
2628,阳城,2358
2629,阳岔,2359
2630,阳平关,2360
2631,阳新,2361
2632,阳明堡,2362
2633,阳春,2363
2634,阳曲,2364
2635,阳朔,2365
2636,阳泉,2366
2637,阳泉北,2366
2638,阳泉曲,2367
2639,阳澄湖,2368
2640,阳谷,2369
2641,阳邑,2370
2642,阳高,2371
2643,阿乌尼,2372
2644,阿克苏,2373
2645,阿克陶,2374
2646,阿南庄,2375
2647,阿图什,2376
2648,阿城,2377
2649,阿寨,2378
2650,阿尔山,2379
2651,阿尔山北,2380
2652,阿拉山口,2381
2653,阿木尔,2382
2654,阿贵图,2383
2655,阿里河,2384
2656,阿金,2385
2657,阿龙山,2386
2658,陆丰,2387
2659,陆川,2388
2660,陆良,2389
2661,陇县,2390
2662,陇西,2391
2663,陈官营,2392
2664,陈相屯,2393
2665,陵水,2394
2666,陶家屯,2395
2667,陶思浩,2396
2668,陶赖昭,2397
2669,隆化,2398
2670,隆安东,2399
2671,隆昌,2400
2672,隆昌北,2400
2673,随州,2401
2674,雁荡山,2402
2675,雅河,2403
2676,雅鲁,2404
2677,集宁南,2405
2678,集安,2406
2679,雨格,2407
2680,零陵,2408
2681,雷州,2409
2682,霍尔果斯,2410
2683,霍州,2411
2684,霍州东,2411
2685,霍林郭勒,2412
2686,霍邱,2413
2687,霞浦,2414
2688,露水河,2415
2689,霸州,2416
2690,霸州西,2416
2691,青县,2417
2692,青城山,2418
2693,青堆,2419
2694,青山,2420
2695,青岛,2421
2696,青岛北,2421
2697,青岭子,2422
2698,青州市,2423
2699,青水山,2424
2700,青沟子,2425
2701,青溪,2426
2702,青田,2427
2703,青白江东,2428
2704,青神,2429
2705,青莲,2430
2706,青铜峡,2431
2707,青龙,2432
2708,青龙山,2433
2709,靖宇,2434
2710,靖州,2435
2711,靖西,2436
2712,靖边,2437
2713,靖远,2438
2714,靖远西,2438
2715,静海,2439
2716,革居,2440
2717,鞍山,2441
2718,鞍山西,2441
2719,韦庄,2442
2720,韩城,2443
2721,韩府湾,2444
2722,韩麻营,2445
2723,韶关,2446
2724,韶关东,2446
2725,韶山,2447
2726,韶山南,2447
2727,项城,2448
2728,顺义,2449
2729,顺德,2450
2730,顺德学院,2451
2731,顺昌,2452
2732,额济纳,2453
2733,风水沟,2454
2734,风陵渡,2455
2735,饶平,2456
2736,饶阳,2457
2737,香兰,2458
2738,香坊,2459
2739,马三家,2460
2740,马兰,2461
2741,马林,2462
2742,马架子,2463
2743,马盖图,2464
2744,马莲河,2465
2745,马鞍山,2466
2746,马鞍山东,2466
2747,马龙,2467
2748,驻马店,2468
2749,驻马店西,2468
2750,驼腰岭,2469
2751,高台,2470
2752,高台南,2470
2753,高台子,2471
2754,高各庄,2472
2755,高头,2473
2756,高安,2474
2757,高家,2475
2758,高家村,2476
2759,高密,2477
2760,高山子,2478
2761,高峰,2479
2762,高州,2480
2763,高平,2481
2764,高村,2482
2765,高林屯,2483
2766,高桥镇,2484
2767,高滩,2485
2768,高碑店,2486
2769,高碑店东,2486
2770,高谷,2487
2771,高邑,2488
2772,高邑西,2488
2773,魏善庄,2489
2774,魏杖子,2490
2775,鱼儿沟,2491
2776,鱼泉,2492
2777,鲁山,2493
2778,鲁河,2494
2779,鲁番,2495
2780,鲅鱼圈,2496
2781,鲘门,2497
2782,鳌江,2498
2783,鸡东,2499
2784,鸡冠山,2500
2785,鸡西,2501
2786,鸭园,2502
2787,鸳鸯镇,2503
2788,鸽子洞,2504
2789,鹤北,2505
2790,鹤壁,2506
2791,鹤壁东,2506
2792,鹤山,2507
2793,鹤岗,2508
2794,鹤庆,2509
2795,鹤立,2510
2796,鹰手营子,2511
2797,鹰潭,2512
2798,鹰潭北,2512
2799,鹿寨,2513
2800,鹿寨北,2513
2801,鹿道,2514
2802,麻城,2515
2803,麻城北,2515
2804,麻尾,2516
2805,麻山,2517
2806,麻柳,2518
2807,麻阳,2519
2808,黄,2520
2809,黄口,2521
2810,黄家店,2522
2811,黄山,2523
2812,黄山北,2524
2813,黄州,2525
2814,黄平,2526
2815,黄村,2527
2816,黄松甸,2528
2817,黄柏,2529
2818,黄梅,2530
2819,黄河景区,2531
2820,黄泥崴子,2532
2821,黄泥河,2533
2822,黄津,2534
2823,黄流,2535
2824,黄瓜园,2536
2825,黄石,2537
2826,黄石北,2537
2827,黄羊湾,2538
2828,黄羊滩,2539
2829,黄羊镇,2540
2830,黄花筒,2541
2831,黄陵,2542
2832,黄陵南,2542
2833,黎城,2543
2834,黎塘,2544
2835,黑井,2545
2836,黑冲滩,2546
2837,黑台,2547
2838,黑旺,2548
2839,黑水,2549
2840,黑河,2550
2841,黔江,2551
2842,鼎湖东,2552
2843,鼎湖山,2553
2844,齐哈日格图,2554
2845,齐齐哈尔,2555
2846,齐齐哈尔南,2555
2847,龙丰,2556
2848,龙井,2557
2849,龙伯屯,2558
2850,龙华,2559
2851,龙南,2560
2852,龙嘉,2561
2853,龙塘坝,2562
2854,龙山镇,2563
2855,龙岩,2564
2856,龙川,2565
2857,龙市,2566
2858,龙江,2567
2859,龙池,2568
2860,龙沟,2569
2861,龙泉寺,2570
2862,龙洞堡,2571
2863,龙游,2572
2864,龙爪沟,2573
2865,龙船,2574
2866,龙里北,2575
2867,龙镇,2576
2868,龙门河,2577
2869,龙骨甸,2578
