t_train_id,t_train_type,t_train_name
0,0,1096
1,0,1134
2,0,1136
3,0,1148
4,0,1150
5,0,1152
6,0,1154
7,0,1228
8,0,1303
9,0,1304
10,0,1456
11,0,1458
12,0,1461
13,0,1462
14,0,1485
15,0,1486
16,0,1487
17,0,1488
18,0,1551
19,0,1552
20,0,1801
21,0,1802
22,0,1818
23,0,1820
24,0,1881
25,0,1882
26,0,2011
27,0,2012
28,0,2051
29,0,2052
30,0,2061
31,0,2062
32,0,2065
33,0,2066
34,0,2071
35,0,2073
36,0,2083
37,0,2084
38,0,2123
39,0,2124
40,0,2150
41,0,2152
42,0,2167
43,0,2168
44,0,2207
45,0,2209
46,0,2257
47,0,2258
48,0,2462
49,0,2464
50,0,2549
51,0,2550
52,0,2559
53,0,2560
54,0,2589
55,0,2591
56,0,2602
57,0,2604
58,0,2614
59,0,2616
60,0,2621
61,0,2622
62,0,2623
63,0,2624
64,0,2635
65,0,2636
66,0,2667
67,0,2668
68,0,2671
69,0,2672
70,0,2673
71,0,2674
72,0,2675
73,0,2676
74,0,2686
75,0,2688
76,0,2701
77,0,2702
78,0,2727
79,0,2728
80,0,4031
81,0,4032
82,0,4043
83,0,4044
84,0,4045
85,0,4046
86,0,4059
87,0,4060
88,0,4071
89,0,4072
90,0,4081
91,0,4082
92,0,4083
93,0,4084
94,0,4085
95,0,4086
96,0,4095
97,0,4096
98,0,4133
99,0,4134
100,0,4135
101,0,4136
102,0,4161
103,0,4162
104,0,4171
105,0,4172
106,0,4173
107,0,4174
108,0,4182
109,0,4184
110,0,4187
111,0,4188
112,0,4189
113,0,4190
114,0,4191
115,0,4192
116,0,4215
117,0,4216
118,0,4223
119,0,4224
120,0,4229
121,0,4230
122,0,4245
123,0,4246
124,0,4247
125,0,4255
126,0,4256
127,0,4289
128,0,4290
129,0,4301
130,0,4302
131,0,4305
132,0,4306
133,0,4309
134,0,4310
135,0,4315
136,0,4316
137,0,4318
138,0,4320
139,0,4321
140,0,4322
141,0,4325
142,0,4326
143,0,4327
144,0,4328
145,0,4330
146,0,4343
147,0,4344
148,0,4345
149,0,4346
150,0,4347
151,0,4348
152,0,4355
153,0,4357
154,0,4368
155,0,4370
156,0,4372
157,0,4374
158,0,4375
159,0,4377
160,0,4415
161,0,4416
162,0,4464
163,0,4465
164,0,4466
165,0,4471
166,0,4473
167,0,4481
168,0,4482
169,0,4611
170,0,4612
171,0,4615
172,0,4616
173,0,4627
174,0,4628
175,0,4629
176,0,4630
177,0,4635
178,0,4636
179,0,4641
180,0,4642
181,0,4643
182,0,4652
183,0,4654
184,0,4706
185,0,4708
186,0,4717
187,0,4718
188,0,4720
189,0,4732
190,0,4734
191,0,4741
192,0,4742
193,0,4744
194,0,4746
195,0,4811
196,0,4812
197,0,5005
198,0,5006
199,0,5007
200,0,5008
201,0,5014
202,0,5018
203,0,5020
204,0,5022
205,0,5024
206,0,5026
207,0,5028
208,0,5036
209,0,5038
210,0,5040
211,0,5042
212,0,5045
213,0,5046
214,0,5365
215,0,5366
216,0,5505
217,0,5506
218,0,5511
219,0,5512
220,0,5517
221,0,5518
222,0,5538
223,0,5540
224,0,5609
225,0,5610
226,0,5611
227,0,5612
228,0,5619
229,0,5620
230,0,5629
231,0,5630
232,0,5633
233,0,5634
234,0,5635
235,0,5636
236,0,5639
237,0,5640
238,0,5645
239,0,5647
240,0,5801
241,0,5802
242,0,5809
243,0,5810
244,0,5818
245,0,5820
246,0,6003
247,0,6004
248,0,6021
249,0,6022
250,0,6025
251,0,6026
252,0,6029
253,0,6030
254,0,6031
255,0,6032
256,0,6034
257,0,6035
258,0,6036
259,0,6039
260,0,6041
261,0,6043
262,0,6044
263,0,6045
264,0,6046
265,0,6055
266,0,6056
267,0,6061
268,0,6062
269,0,6063
270,0,6064
271,0,6065
272,0,6066
273,0,6072
274,0,6074
275,0,6087
276,0,6161
277,0,6162
278,0,6215
279,0,6216
280,0,6223
281,0,6224
282,0,6225
283,0,6226
284,0,6231
285,0,6232
286,0,6233
287,0,6234
288,0,6238
289,0,6240
290,0,6245
291,0,6246
292,0,6251
293,0,6252
294,0,6253
295,0,6254
296,0,6257
297,0,6258
298,0,6259
299,0,6260
300,0,6261
301,0,6262
302,0,6263
303,0,6264
304,0,6265
305,0,6266
306,0,6268
307,0,6270
308,0,6272
309,0,6274
310,0,6275
311,0,6276
312,0,6277
313,0,6278
314,0,6279
315,0,6280
316,0,6282
317,0,6284
318,0,6286
319,0,6288
320,0,6291
321,0,6292
322,0,6335
323,0,6336
324,0,6337
325,0,6338
326,0,6345
327,0,6346
328,0,6361
329,0,6362
330,0,6363
331,0,6364
332,0,6365
333,0,6366
334,0,6397
335,0,6398
336,0,6419
337,0,6420
338,0,6423
339,0,6424
340,0,6433
341,0,6434
342,0,6436
343,0,6437
344,0,6452
345,0,6455
346,0,6456
347,0,6601
348,0,6602
349,0,6801
350,0,6802
351,0,6805
352,0,6815
353,0,6816
354,0,6817
355,0,6818
356,0,6819
357,0,6820
358,0,6821
359,0,6822
360,0,6823
361,0,6833
362,0,6845
363,0,6849
364,0,6850
365,0,6851
366,0,6852
367,0,6853
368,0,6854
369,0,6856
370,0,6858
371,0,6905
372,0,6907
373,0,6918
374,0,6920
375,0,6953
376,0,6955
377,0,6967
378,0,6968
379,0,7001
380,0,7003
381,0,7005
382,0,7006
383,0,7007
384,0,7008
385,0,7053
386,0,7054
387,0,7265
388,0,7266
389,0,7267
390,0,7269
391,0,7270
392,0,7273
393,0,7274
394,0,7275
395,0,7452
396,0,7454
397,0,7501
398,0,7502
399,0,7503
400,0,7504
401,0,7505
402,0,7506
403,0,7507
404,0,7508
405,0,7510
406,0,7511
407,0,7513
408,0,7515
409,0,7516
410,0,7519
411,0,7520
412,0,7524
413,0,7529
414,0,7530
415,0,7531
416,0,7532
417,0,7535
418,0,7537
419,0,7556
420,0,7558
421,0,7565
422,0,7566
423,C,C1001
424,C,C1002
425,C,C1003
426,C,C1004
427,C,C1005
428,C,C1006
429,C,C1007
430,C,C1008
431,C,C1009
432,C,C1010
433,C,C1011
434,C,C1012
435,C,C1013
436,C,C1014
437,C,C1015
438,C,C1016
439,C,C1017
440,C,C1018
441,C,C1019
442,C,C1020
443,C,C1021
444,C,C1022
445,C,C1023
446,C,C1024
447,C,C1025
448,C,C1026
449,C,C1027
450,C,C1028
451,C,C1029
452,C,C1030
453,C,C1031
454,C,C1032
455,C,C1034
456,C,C1037
457,C,C1041
458,C,C1042
459,C,C1043
460,C,C1044
461,C,C1201
462,C,C1202
463,C,C1203
464,C,C1204
465,C,C1205
466,C,C1206
467,C,C1207
468,C,C1208
469,C,C1209
470,C,C1210
471,C,C1211
472,C,C1212
473,C,C1213
474,C,C1214
475,C,C1215
476,C,C1216
477,C,C1217
478,C,C1218
479,C,C1219
480,C,C1220
481,C,C1221
482,C,C1222
483,C,C1223
484,C,C1224
485,C,C1225
486,C,C1226
487,C,C1227
488,C,C1228
489,C,C1229
490,C,C1230
491,C,C1231
492,C,C1232
493,C,C1233
494,C,C1234
495,C,C1235
496,C,C1236
497,C,C1238
498,C,C1241
499,C,C1242
500,C,C1243
501,C,C1244
502,C,C1245
503,C,C1246
504,C,C1247
505,C,C1248
506,C,C2001
507,C,C2002
508,C,C2003
509,C,C2004
510,C,C2005
511,C,C2006
512,C,C2007
513,C,C2008
514,C,C2009
515,C,C2010
516,C,C2011
517,C,C2012
518,C,C2013
519,C,C2014
520,C,C2015
521,C,C2016
522,C,C2017
523,C,C2018
524,C,C2019
525,C,C2020
526,C,C2021
527,C,C2022
528,C,C2023
529,C,C2024
530,C,C2025
531,C,C2026
532,C,C2027
533,C,C2028
534,C,C2029
535,C,C2030
536,C,C2031
537,C,C2032
538,C,C2033
539,C,C2034
540,C,C2035
541,C,C2036
542,C,C2037
543,C,C2038
544,C,C2039
545,C,C2040
546,C,C2041
547,C,C2042
548,C,C2043
549,C,C2044
550,C,C2045
551,C,C2046
552,C,C2047
553,C,C2048
554,C,C2049
555,C,C2050
556,C,C2051
557,C,C2052
558,C,C2053
559,C,C2054
560,C,C2055
561,C,C2056
562,C,C2057
563,C,C2058
564,C,C2059
565,C,C2060
566,C,C2061
567,C,C2062
568,C,C2063
569,C,C2064
570,C,C2065
571,C,C2066
572,C,C2067
573,C,C2068
574,C,C2069
575,C,C2070
576,C,C2071
577,C,C2072
578,C,C2073
579,C,C2074
580,C,C2075
581,C,C2076
582,C,C2077
583,C,C2078
584,C,C2079
585,C,C2080
586,C,C2081
587,C,C2082
588,C,C2083
589,C,C2084
590,C,C2085
591,C,C2086
592,C,C2087
593,C,C2088
594,C,C2089
595,C,C2090
596,C,C2091
597,C,C2092
598,C,C2093
599,C,C2094
600,C,C2095
601,C,C2096
602,C,C2097
603,C,C2098
604,C,C2099
605,C,C2100
606,C,C2101
607,C,C2102
608,C,C2103
609,C,C2104
610,C,C2105
611,C,C2106
612,C,C2107
613,C,C2108
614,C,C2201
615,C,C2202
616,C,C2203
617,C,C2204
618,C,C2205
619,C,C2206
620,C,C2207
621,C,C2208
622,C,C2209
623,C,C2210
624,C,C2211
625,C,C2212
626,C,C2213
627,C,C2214
628,C,C2215
629,C,C2216
630,C,C2217
631,C,C2218
632,C,C2219
633,C,C2220
634,C,C2221
635,C,C2222
636,C,C2223
637,C,C2224
638,C,C2225
639,C,C2226
640,C,C2227
641,C,C2228
642,C,C2229
643,C,C2230
644,C,C2231
645,C,C2232
646,C,C2233
647,C,C2234
648,C,C2235
649,C,C2236
650,C,C2237
651,C,C2238
652,C,C2239
653,C,C2240
654,C,C2241
655,C,C2242
656,C,C2243
657,C,C2244
658,C,C2245
659,C,C2246
660,C,C2301
661,C,C2302
662,C,C2303
663,C,C2304
664,C,C2305
665,C,C2306
666,C,C2307
667,C,C2308
668,C,C2309
669,C,C2581
670,C,C2582
671,C,C2583
672,C,C2584
673,C,C2585
674,C,C2586
675,C,C2587
676,C,C2588
677,C,C2589
678,C,C2590
679,C,C2591
680,C,C2592
681,C,C2593
682,C,C2594
683,C,C2596
684,C,C2611
685,C,C2612
686,C,C2613
687,C,C2614
688,C,C2615
689,C,C2616
690,C,C2801
691,C,C2802
692,C,C2803
693,C,C2804
694,C,C2805
695,C,C2806
696,C,C2807
697,C,C2808
698,C,C2809
699,C,C2881
700,C,C2882
701,C,C2883
702,C,C2884
703,C,C2885
704,C,C2886
705,C,C2887
706,C,C2888
707,C,C2889
708,C,C2890
709,C,C2891
710,C,C2892
711,C,C2893
712,C,C2894
713,C,C2895
714,C,C2896
715,C,C2900
716,C,C2901
717,C,C2903
718,C,C2905
719,C,C2906
720,C,C2907
721,C,C2908
722,C,C2909
723,C,C2911
724,C,C2913
725,C,C2914
726,C,C2915
727,C,C2921
728,C,C2922
729,C,C2923
730,C,C2924
731,C,C2925
732,C,C2926
733,C,C2927
734,C,C2928
735,C,C2930
736,C,C2951
737,C,C2952
738,C,C2961
739,C,C2962
740,C,C2963
741,C,C2964
742,C,C2965
743,C,C2966
744,C,C2967
745,C,C2968
746,C,C2969
747,C,C2970
748,C,C2971
749,C,C2972
750,C,C2973
751,C,C2974
752,C,C2975
753,C,C2976
754,C,C5001
755,C,C5002
756,C,C5005
757,C,C5006
758,C,C5007
759,C,C5008
760,C,C5011
761,C,C5012
762,C,C5013
763,C,C5014
764,C,C5017
765,C,C5018
766,C,C5019
767,C,C5020
768,C,C6101
769,C,C6102
770,C,C6103
771,C,C6104
772,C,C6105
773,C,C6106
774,C,C6107
775,C,C6108
776,C,C6109
777,C,C6110
778,C,C6111
779,C,C6112
780,C,C6113
781,C,C6114
782,C,C6115
783,C,C6116
784,C,C6117
785,C,C6118
786,C,C6119
787,C,C6120
788,C,C6121
789,C,C6122
790,C,C6123
791,C,C6124
792,C,C6127
793,C,C6128
794,C,C6129
795,C,C6130
796,C,C6131
797,C,C6132
798,C,C6133
799,C,C6134
800,C,C6135
801,C,C6136
802,C,C6137
803,C,C6138
804,C,C6139
805,C,C6140
806,C,C6141
807,C,C6142
808,C,C6143
809,C,C6144
810,C,C6145
811,C,C6146
812,C,C6152
813,C,C6153
814,C,C6154
815,C,C6155
816,C,C6156
817,C,C6157
818,C,C6158
819,C,C6160
820,C,C6181
821,C,C6182
822,C,C6183
823,C,C6184
824,C,C6185
825,C,C6186
826,C,C6202
827,C,C6209
828,C,C6211
829,C,C6213
830,C,C6214
831,C,C6215
832,C,C6216
833,C,C6217
834,C,C6218
835,C,C6219
836,C,C6220
837,C,C6221
838,C,C6222
839,C,C6224
840,C,C6251
841,C,C6252
842,C,C6253
843,C,C6254
844,C,C6255
845,C,C6256
846,C,C6257
847,C,C6258
848,C,C6259
849,C,C6260
850,C,C6261
851,C,C6264
852,C,C6265
853,C,C6266
854,C,C6267
855,C,C6268
856,C,C6269
857,C,C6270
858,C,C6271
859,C,C6272
860,C,C6301
861,C,C6302
862,C,C6303
863,C,C6304
864,C,C6305
865,C,C6306
866,C,C6307
867,C,C6308
868,C,C6309
869,C,C6310
870,C,C6311
871,C,C6312
872,C,C6313
873,C,C6314
874,C,C6315
875,C,C6316
876,C,C6361
877,C,C6362
878,C,C6363
879,C,C6364
880,C,C6365
881,C,C6366
882,C,C6367
883,C,C6368
884,C,C6801
885,C,C6802
886,C,C6803
887,C,C6804
888,C,C6805
889,C,C6806
890,C,C6807
891,C,C6808
892,C,C6809
893,C,C6810
894,C,C6811
895,C,C6812
896,C,C6813
897,C,C6814
898,C,C6815
899,C,C6816
900,C,C6817
901,C,C6818
902,C,C6819
903,C,C6820
904,C,C6821
905,C,C6822
906,C,C6823
907,C,C6824
908,C,C6851
909,C,C6852
910,C,C6853
911,C,C6854
912,C,C6855
913,C,C6856
914,C,C6857
915,C,C6858
916,C,C6859
917,C,C6860
918,C,C6861
919,C,C6862
920,C,C6863
921,C,C6864
922,C,C6865
923,C,C6866
924,C,C6867
925,C,C6868
926,C,C6869
927,C,C6870
928,C,C7601
929,C,C7602
930,C,C7603
931,C,C7605
932,C,C7606
933,C,C7608
934,C,C7609
935,C,C7610
936,C,C7611
937,C,C7612
938,C,C7615
939,C,C7616
940,C,C7617
941,C,C7618
942,C,C7619
943,C,C7621
944,C,C7622
945,C,C7624
946,C,C7625
947,C,C7626
948,C,C7627
949,C,C7628
950,C,C7630
951,C,C7631
952,C,C7633
953,C,C7634
954,C,C7635
955,C,C7637
956,C,C7638
957,C,C7639
958,C,C7640
959,C,C7642
960,C,C7643
961,C,C7644
962,C,C7646
963,C,C7647
964,C,C7649
965,C,C7650
966,C,C7651
967,C,C7653
968,C,C7654
969,C,C7655
970,C,C7656
971,C,C7658
972,C,C7659
973,C,C7660
974,C,C7662
975,C,C7663
976,C,C7665
977,C,C7666
978,C,C7667
979,C,C7669
980,C,C7670
981,C,C7671
982,C,C7672
983,C,C7674
984,C,C7675
985,C,C7676
986,C,C7678
987,C,C7679
988,C,C7681
989,C,C7682
990,C,C7683
991,C,C7686
992,C,C7687
993,C,C7688
994,C,C7701
995,C,C7702
996,C,C7704
997,C,C7705
998,C,C7707
999,C,C7708
1000,C,C7709
1001,C,C7710
1002,C,C7712
1003,C,C7713
1004,C,C7715
1005,C,C7716
1006,C,C7717
1007,C,C7718
1008,C,C7720
1009,C,C7721
1010,C,C7723
1011,C,C7724
1012,C,C7725
1013,C,C7726
1014,C,C7728
1015,C,C7729
1016,C,C7731
1017,C,C7732
1018,C,C7733
1019,C,C7734
1020,C,C7736
1021,C,C7737
1022,C,C7739
1023,C,C7740
1024,C,C7741
1025,C,C7742
1026,C,C7744
1027,C,C7745
1028,C,C7747
1029,C,C7748
1030,C,C7749
1031,C,C7750
1032,C,C7752
1033,C,C7901
1034,C,C7902
1035,C,C7903
1036,C,C7906
1037,C,C7907
1038,C,C7908
1039,C,C7909
1040,C,C7910
1041,C,C7911
1042,C,C7914
1043,C,C7915
1044,C,C7916
1045,C,C7917
1046,C,C7918
1047,C,C7919
1048,C,C7922
1049,C,C7923
1050,C,C7924
1051,C,C7925
1052,C,C7926
1053,C,C7927
1054,C,C7930
1055,C,C7931
1056,C,C7932
1057,C,C7933
1058,C,C7934
1059,C,C7935
1060,C,C7938
1061,C,C7939
1062,C,C7940
1063,C,C7941
1064,C,C7942
1065,C,C7943
1066,C,C7946
1067,C,C7947
1068,C,C8501
1069,C,C8502
1070,C,C8503
1071,C,C8504
1072,C,C8505
1073,C,C8506
1074,C,C8507
1075,C,C8508
1076,C,C8509
1077,C,C8510
1078,C,C8511
1079,C,C8512
1080,C,C8513
1081,C,C8514
1082,C,C8515
1083,C,C8516
1084,C,C8517
1085,C,C8518
1086,C,C8519
1087,C,C8520
1088,C,C8521
1089,C,C8522
1090,C,C8523
1091,C,C8524
1092,C,C8525
1093,C,C8526
1094,C,C8527
1095,C,C8528
1096,C,C8529
1097,C,C8530
1098,C,C8531
1099,C,C8532
1100,C,C8533
1101,C,C8534
1102,C,C8601
1103,C,C8602
1104,C,C8603
1105,C,C8604
1106,C,C8605
1107,C,C8606
1108,C,C8607
1109,C,C8608
1110,C,C8609
1111,C,C8610
1112,D,D1
1113,D,D10
1114,D,D101
1115,D,D102
1116,D,D11
1117,D,D112
1118,D,D114
1119,D,D116
1120,D,D118
1121,D,D12
1122,D,D13
1123,D,D14
1124,D,D15
1125,D,D16
1126,D,D17
1127,D,D18
1128,D,D19
1129,D,D2
1130,D,D20
1131,D,D2001
1132,D,D2003
1133,D,D2005
1134,D,D2007
1135,D,D2008
1136,D,D201
1137,D,D202
1138,D,D2021
1139,D,D203
1140,D,D204
1141,D,D205
1142,D,D206
1143,D,D207
1144,D,D208
1145,D,D21
1146,D,D211
1147,D,D212
1148,D,D22
1149,D,D2202
1150,D,D2206
1151,D,D2208
1152,D,D2212
1153,D,D2214
1154,D,D2216
1155,D,D2218
1156,D,D2222
1157,D,D2224
1158,D,D2226
1159,D,D2228
1160,D,D2232
1161,D,D2234
1162,D,D2236
1163,D,D2238
1164,D,D2242
1165,D,D2244
1166,D,D2246
1167,D,D2248
1168,D,D2251
1169,D,D2252
1170,D,D2255
1171,D,D2256
1172,D,D2259
1173,D,D2262
1174,D,D2264
1175,D,D2265
1176,D,D2266
1177,D,D2268
1178,D,D2270
1179,D,D2276
1180,D,D2278
1181,D,D2281
1182,D,D2283
1183,D,D2285
1184,D,D2286
1185,D,D2287
1186,D,D2288
1187,D,D2293
1188,D,D2294
1189,D,D2295
1190,D,D2296
1191,D,D2297
1192,D,D2298
1193,D,D23
1194,D,D2301
1195,D,D2304
1196,D,D2306
1197,D,D2307
1198,D,D2308
1199,D,D2309
1200,D,D2310
1201,D,D2311
1202,D,D2312
1203,D,D2313
1204,D,D2314
1205,D,D2315
1206,D,D2318
1207,D,D2319
1208,D,D2320
1209,D,D2321
1210,D,D2322
1211,D,D2323
1212,D,D2324
1213,D,D2325
1214,D,D2326
1215,D,D2327
1216,D,D2328
1217,D,D2329
1218,D,D2330
1219,D,D2331
1220,D,D2332
1221,D,D2341
1222,D,D2342
1223,D,D2343
1224,D,D2344
1225,D,D2345
1226,D,D2346
1227,D,D2349
1228,D,D2350
1229,D,D2351
1230,D,D2352
1231,D,D2353
1232,D,D2354
1233,D,D2355
1234,D,D2356
1235,D,D2357
1236,D,D2358
1237,D,D2361
1238,D,D2362
1239,D,D2363
1240,D,D2364
1241,D,D2367
1242,D,D2368
1243,D,D2371
1244,D,D2372
1245,D,D2373
1246,D,D2374
1247,D,D24
1248,D,D25
1249,D,D26
1250,D,D2602
1251,D,D2604
1252,D,D2606
1253,D,D2608
1254,D,D27
1255,D,D2701
1256,D,D2703
1257,D,D2704
1258,D,D2705
1259,D,D2706
1260,D,D2707
1261,D,D2708
1262,D,D2711
1263,D,D2712
1264,D,D2714
1265,D,D2719
1266,D,D2720
1267,D,D2721
1268,D,D2722
1269,D,D2723
1270,D,D2724
1271,D,D2725
1272,D,D2731
1273,D,D2732
1274,D,D2733
1275,D,D2734
1276,D,D2735
1277,D,D2736
1278,D,D2741
1279,D,D2742
1280,D,D2743
1281,D,D2744
1282,D,D2745
1283,D,D2746
1284,D,D2747
1285,D,D2748
1286,D,D2749
1287,D,D2750
1288,D,D2751
1289,D,D2752
1290,D,D2753
1291,D,D2754
1292,D,D2755
1293,D,D2756
1294,D,D2757
1295,D,D2758
1296,D,D2781
1297,D,D2782
1298,D,D28
1299,D,D2803
1300,D,D2804
1301,D,D2805
1302,D,D2806
1303,D,D2807
1304,D,D2808
1305,D,D2809
1306,D,D2810
1307,D,D2811
1308,D,D2812
1309,D,D2813
1310,D,D2814
1311,D,D2815
1312,D,D2816
1313,D,D2817
1314,D,D2818
1315,D,D2819
1316,D,D2820
1317,D,D2821
1318,D,D2822
1319,D,D2823
1320,D,D2825
1321,D,D2826
1322,D,D2827
1323,D,D2828
1324,D,D2829
1325,D,D2830
1326,D,D2831
1327,D,D2832
1328,D,D2833
1329,D,D2834
1330,D,D2835
1331,D,D2836
1332,D,D2837
1333,D,D2838
1334,D,D2840
1335,D,D2841
1336,D,D2842
1337,D,D2843
1338,D,D2844
1339,D,D2877
1340,D,D2879
1341,D,D29
1342,D,D295
1343,D,D2959
1344,D,D296
1345,D,D2961
1346,D,D2962
1347,D,D2963
1348,D,D2964
1349,D,D2965
1350,D,D2967
1351,D,D2968
1352,D,D2969
1353,D,D2970
1354,D,D2971
1355,D,D2972
1356,D,D2973
1357,D,D2974
1358,D,D2975
1359,D,D2976
1360,D,D2977
1361,D,D2979
1362,D,D2980
1363,D,D2982
1364,D,D2992
1365,D,D2994
1366,D,D2995
1367,D,D2997
1368,D,D3
1369,D,D30
1370,D,D3002
1371,D,D3006
1372,D,D3010
1373,D,D3012
1374,D,D3014
1375,D,D3016
1376,D,D3022
1377,D,D3026
1378,D,D3032
1379,D,D3034
1380,D,D3042
1381,D,D3044
1382,D,D3046
1383,D,D3048
1384,D,D3052
1385,D,D3054
1386,D,D3056
1387,D,D3058
1388,D,D3064
1389,D,D3068
1390,D,D3070
1391,D,D3072
1392,D,D3074
1393,D,D3077
1394,D,D3078
1395,D,D3081
1396,D,D3082
1397,D,D3086
1398,D,D3090
1399,D,D3094
1400,D,D31
1401,D,D3101
1402,D,D3102
1403,D,D3103
1404,D,D3104
1405,D,D3109
1406,D,D311
1407,D,D3110
1408,D,D3111
1409,D,D3112
1410,D,D312
1411,D,D3125
1412,D,D313
1413,D,D3131
1414,D,D3135
1415,D,D314
1416,D,D3141
1417,D,D3145
1418,D,D3147
1419,D,D3152
1420,D,D3156
1421,D,D3158
1422,D,D3201
1423,D,D3205
1424,D,D3207
1425,D,D321
1426,D,D3211
1427,D,D3212
1428,D,D3215
1429,D,D3217
1430,D,D3218
1431,D,D3219
1432,D,D322
1433,D,D3220
1434,D,D3222
1435,D,D3223
1436,D,D3226
1437,D,D3227
1438,D,D3231
1439,D,D3232
1440,D,D3241
1441,D,D3242
1442,D,D3245
1443,D,D3246
1444,D,D3256
1445,D,D3258
1446,D,D3262
1447,D,D3264
1448,D,D3272
1449,D,D3274
1450,D,D3276
1451,D,D3278
1452,D,D3291
1453,D,D3293
1454,D,D3295
1455,D,D33
1456,D,D3301
1457,D,D3303
1458,D,D3305
1459,D,D3306
1460,D,D331
1461,D,D332
1462,D,D3321
1463,D,D3322
1464,D,D3323
1465,D,D3325
1466,D,D352
1467,D,D354
1468,D,D3561
1469,D,D3563
1470,D,D3564
1471,D,D3566
1472,D,D3567
1473,D,D3568
1474,D,D3569
1475,D,D3570
1476,D,D3592
1477,D,D3594
1478,D,D3601
1479,D,D3602
1480,D,D3603
1481,D,D3604
1482,D,D3605
1483,D,D3607
1484,D,D3608
1485,D,D3609
1486,D,D3610
1487,D,D3611
1488,D,D3612
1489,D,D3614
1490,D,D3615
1491,D,D3616
1492,D,D3617
1493,D,D3618
1494,D,D3619
1495,D,D3621
1496,D,D3622
1497,D,D3624
1498,D,D3625
1499,D,D3626
1500,D,D3627
1501,D,D3628
1502,D,D3630
1503,D,D3631
1504,D,D3632
1505,D,D3633
1506,D,D3634
1507,D,D3635
1508,D,D3637
1509,D,D3638
1510,D,D3639
1511,D,D3640
1512,D,D3641
1513,D,D3643
1514,D,D3646
1515,D,D3647
1516,D,D3648
1517,D,D3650
1518,D,D366
1519,D,D3677
1520,D,D3679
1521,D,D368
1522,D,D3682
1523,D,D3684
1524,D,D3686
1525,D,D3688
1526,D,D3692
1527,D,D37
1528,D,D3706
1529,D,D3708
1530,D,D3710
1531,D,D3712
1532,D,D3714
1533,D,D3716
1534,D,D3718
1535,D,D3722
1536,D,D3724
1537,D,D3726
1538,D,D3728
1539,D,D3751
1540,D,D3752
1541,D,D3753
1542,D,D3754
1543,D,D3755
1544,D,D3756
1545,D,D3757
1546,D,D3760
1547,D,D3761
1548,D,D3762
1549,D,D377
1550,D,D378
1551,D,D3782
1552,D,D3784
1553,D,D3786
1554,D,D379
1555,D,D3792
1556,D,D380
1557,D,D381
1558,D,D382
1559,D,D39
1560,D,D3901
1561,D,D3902
1562,D,D4
1563,D,D41
1564,D,D43
1565,D,D45
1566,D,D5
1567,D,D51
1568,D,D5102
1569,D,D5105
1570,D,D5111
1571,D,D5112
1572,D,D5114
1573,D,D5116
1574,D,D5122
1575,D,D5124
1576,D,D5126
1577,D,D5128
1578,D,D5129
1579,D,D5130
1580,D,D5131
1581,D,D5132
1582,D,D5133
1583,D,D5134
1584,D,D5137
1585,D,D5139
1586,D,D5141
1587,D,D5142
1588,D,D5143
1589,D,D5144
1590,D,D5145
1591,D,D5146
1592,D,D5147
1593,D,D5148
1594,D,D5151
1595,D,D5152
1596,D,D5153
1597,D,D5154
1598,D,D5156
1599,D,D5159
1600,D,D5160
1601,D,D5161
1602,D,D5162
1603,D,D5163
1604,D,D5164
1605,D,D5171
1606,D,D5172
1607,D,D5173
1608,D,D5174
1609,D,D5175
1610,D,D5176
1611,D,D5177
1612,D,D5178
1613,D,D5179
1614,D,D5180
1615,D,D5181
1616,D,D5182
1617,D,D5184
1618,D,D5185
1619,D,D5186
1620,D,D5187
1621,D,D5188
1622,D,D5189
1623,D,D5190
1624,D,D5191
1625,D,D5192
1626,D,D5193
1627,D,D5194
1628,D,D5195
1629,D,D5196
1630,D,D5197
1631,D,D52
1632,D,D5203
1633,D,D5204
1634,D,D5206
1635,D,D5208
1636,D,D5211
1637,D,D5212
1638,D,D5213
1639,D,D5214
1640,D,D5216
1641,D,D5218
1642,D,D5220
1643,D,D5221
1644,D,D5222
1645,D,D5232
1646,D,D5234
1647,D,D5239
1648,D,D5240
1649,D,D5242
1650,D,D5244
1651,D,D5245
1652,D,D5246
1653,D,D5248
1654,D,D5301
1655,D,D5302
1656,D,D5303
1657,D,D5304
1658,D,D5305
1659,D,D5306
1660,D,D5307
1661,D,D5308
1662,D,D5309
1663,D,D5310
1664,D,D5311
1665,D,D5312
1666,D,D5313
1667,D,D5314
1668,D,D5315
1669,D,D5316
1670,D,D5317
1671,D,D5318
1672,D,D5319
1673,D,D5320
1674,D,D5333
1675,D,D5334
1676,D,D5495
1677,D,D5499
1678,D,D5571
1679,D,D5572
1680,D,D5601
1681,D,D5602
1682,D,D5603
1683,D,D5604
1684,D,D5606
1685,D,D5607
1686,D,D5608
1687,D,D5609
1688,D,D5610
1689,D,D5641
1690,D,D5642
1691,D,D5651
1692,D,D5652
1693,D,D5654
1694,D,D5655
1695,D,D5656
1696,D,D5657
1697,D,D5659
1698,D,D5660
1699,D,D5661
1700,D,D5662
1701,D,D5663
1702,D,D5664
1703,D,D5665
1704,D,D5666
1705,D,D5702
1706,D,D5704
1707,D,D5712
1708,D,D5714
1709,D,D5716
1710,D,D5722
1711,D,D5724
1712,D,D5726
1713,D,D5728
1714,D,D5817
1715,D,D5819
1716,D,D5820
1717,D,D5826
1718,D,D5835
1719,D,D5836
1720,D,D5852
1721,D,D5854
1722,D,D5856
1723,D,D5858
1724,D,D5862
1725,D,D5864
1726,D,D5866
1727,D,D5868
1728,D,D5876
1729,D,D5878
1730,D,D5896
1731,D,D5906
1732,D,D5921
1733,D,D5922
1734,D,D5923
1735,D,D5924
1736,D,D5926
1737,D,D5928
1738,D,D5930
1739,D,D5932
1740,D,D5936
1741,D,D5952
1742,D,D5954
1743,D,D5955
1744,D,D5956
1745,D,D5989
1746,D,D5990
1747,D,D5992
1748,D,D5994
1749,D,D5996
1750,D,D5998
1751,D,D6
1752,D,D6002
1753,D,D6003
1754,D,D6016
1755,D,D6052
1756,D,D6053
1757,D,D6071
1758,D,D6195
1759,D,D6203
1760,D,D6205
1761,D,D6213
1762,D,D6215
1763,D,D6218
1764,D,D6221
1765,D,D6230
1766,D,D6232
1767,D,D632
1768,D,D6335
1769,D,D6336
1770,D,D6337
1771,D,D6338
1772,D,D6341
1773,D,D6342
1774,D,D6344
1775,D,D6345
1776,D,D6348
1777,D,D6349
1778,D,D6350
1779,D,D6351
1780,D,D6352
1781,D,D6354
1782,D,D6356
1783,D,D6358
1784,D,D636
1785,D,D6360
1786,D,D6372
1787,D,D6374
1788,D,D6376
1789,D,D638
1790,D,D6381
1791,D,D6383
1792,D,D6391
1793,D,D6392
1794,D,D6403
1795,D,D6405
1796,D,D6407
1797,D,D6409
1798,D,D6415
1799,D,D6417
1800,D,D6419
1801,D,D6435
1802,D,D6437
1803,D,D6439
1804,D,D6441
1805,D,D6443
1806,D,D6449
1807,D,D6477
1808,D,D6478
1809,D,D6501
1810,D,D6502
1811,D,D6503
1812,D,D6504
1813,D,D6505
1814,D,D6506
1815,D,D6507
1816,D,D6508
1817,D,D6509
1818,D,D6510
1819,D,D6511
1820,D,D6512
1821,D,D6513
1822,D,D6515
1823,D,D6524
1824,D,D6525
1825,D,D6526
1826,D,D6527
1827,D,D6529
1828,D,D6530
1829,D,D6533
1830,D,D6534
1831,D,D6541
1832,D,D6542
1833,D,D6548
1834,D,D656
1835,D,D6571
1836,D,D6573
1837,D,D6575
1838,D,D6577
1839,D,D658
1840,D,D6611
1841,D,D6613
1842,D,D6615
1843,D,D6617
1844,D,D6619
1845,D,D6620
1846,D,D6675
1847,D,D6677
1848,D,D671
1849,D,D672
1850,D,D6721
1851,D,D6724
1852,D,D6725
1853,D,D6732
1854,D,D6734
1855,D,D6736
1856,D,D6738
1857,D,D6751
1858,D,D6752
1859,D,D6753
1860,D,D6754
1861,D,D6755
1862,D,D6756
1863,D,D6757
1864,D,D6758
1865,D,D6759
1866,D,D6760
1867,D,D6761
1868,D,D6762
1869,D,D6763
1870,D,D6764
1871,D,D6765
1872,D,D6766
1873,D,D6767
1874,D,D6768
1875,D,D6769
1876,D,D6770
1877,D,D6771
1878,D,D6772
1879,D,D6773
1880,D,D6774
1881,D,D681
1882,D,D686
1883,D,D6901
1884,D,D6902
1885,D,D6904
1886,D,D6905
1887,D,D6907
1888,D,D6908
1889,D,D6909
1890,D,D6910
1891,D,D6912
1892,D,D6913
1893,D,D6915
1894,D,D6916
1895,D,D7
1896,D,D7221
1897,D,D7222
1898,D,D7224
1899,D,D7226
1900,D,D7227
1901,D,D7229
1902,D,D73
1903,D,D7303
1904,D,D7304
1905,D,D7306
1906,D,D7307
1907,D,D7308
1908,D,D7310
1909,D,D7311
1910,D,D7312
1911,D,D7313
1912,D,D7315
1913,D,D7316
1914,D,D7317
1915,D,D7319
1916,D,D7320
1917,D,D7321
1918,D,D7322
1919,D,D7323
1920,D,D7324
1921,D,D7325
1922,D,D7326
1923,D,D7327
1924,D,D7329
1925,D,D7330
1926,D,D7332
1927,D,D7333
1928,D,D7335
1929,D,D7336
1930,D,D7337
1931,D,D7338
1932,D,D7339
1933,D,D7340
1934,D,D7341
1935,D,D7342
1936,D,D7343
1937,D,D7344
1938,D,D7345
1939,D,D7346
1940,D,D7348
1941,D,D7349
1942,D,D7350
1943,D,D7351
1944,D,D7352
1945,D,D7353
1946,D,D7354
1947,D,D7361
1948,D,D7362
1949,D,D7368
1950,D,D7369
1951,D,D7370
1952,D,D7372
1953,D,D7373
1954,D,D7374
1955,D,D7375
1956,D,D7379
1957,D,D7380
1958,D,D7381
1959,D,D7382
1960,D,D7383
1961,D,D7385
1962,D,D7387
1963,D,D74
1964,D,D7401
1965,D,D7402
1966,D,D7403
1967,D,D7404
1968,D,D7405
1969,D,D7406
1970,D,D7407
1971,D,D7408
1972,D,D7409
1973,D,D7410
1974,D,D7411
1975,D,D7412
1976,D,D7413
1977,D,D7414
1978,D,D7415
1979,D,D7416
1980,D,D7417
1981,D,D7418
1982,D,D7419
1983,D,D7420
1984,D,D7523
1985,D,D7527
1986,D,D7529
1987,D,D7531
1988,D,D7601
1989,D,D7602
1990,D,D7603
1991,D,D7604
1992,D,D7606
1993,D,D7607
1994,D,D7609
1995,D,D7610
1996,D,D7611
1997,D,D7612
1998,D,D7613
1999,D,D7614
2000,D,D7615
2001,D,D7616
2002,D,D7619
2003,D,D7620
2004,D,D7621
2005,D,D7622
2006,D,D7623
2007,D,D7624
2008,D,D7625
2009,D,D7626
2010,D,D7629
2011,D,D7630
2012,D,D7631
2013,D,D7632
2014,D,D7633
2015,D,D7634
2016,D,D7635
2017,D,D7636
2018,D,D7638
2019,D,D7639
2020,D,D7640
2021,D,D7641
2022,D,D7651
2023,D,D7652
2024,D,D7653
2025,D,D7654
2026,D,D7671
2027,D,D7672
2028,D,D7676
2029,D,D7678
2030,D,D7689
2031,D,D7690
2032,D,D7701
2033,D,D7702
2034,D,D7703
2035,D,D7704
2036,D,D7705
2037,D,D7706
2038,D,D7707
2039,D,D7708
2040,D,D7709
2041,D,D7710
2042,D,D7721
2043,D,D7722
2044,D,D7723
2045,D,D7724
2046,D,D7731
2047,D,D7733
2048,D,D7735
2049,D,D7737
2050,D,D7739
2051,D,D7741
2052,D,D7743
2053,D,D7745
2054,D,D7747
2055,D,D7749
2056,D,D7751
2057,D,D7753
2058,D,D7755
2059,D,D7757
2060,D,D7811
2061,D,D7812
2062,D,D7821
2063,D,D7822
2064,D,D7823
2065,D,D7824
2066,D,D7825
2067,D,D7826
2068,D,D7827
2069,D,D7828
2070,D,D7831
2071,D,D7832
2072,D,D7880
2073,D,D7881
2074,D,D7882
2075,D,D7901
2076,D,D7902
2077,D,D7903
2078,D,D7904
2079,D,D7905
2080,D,D7907
2081,D,D7908
2082,D,D7909
2083,D,D7910
2084,D,D7911
2085,D,D7912
2086,D,D7913
2087,D,D7914
2088,D,D7915
2089,D,D7916
2090,D,D7917
2091,D,D7918
2092,D,D7919
2093,D,D7920
2094,D,D7921
2095,D,D7922
2096,D,D7923
2097,D,D7924
2098,D,D7925
2099,D,D7926
2100,D,D7927
2101,D,D7928
2102,D,D7929
2103,D,D7930
2104,D,D7932
2105,D,D7933
2106,D,D7934
2107,D,D7935
2108,D,D7936
2109,D,D7938
2110,D,D7981
2111,D,D7982
2112,D,D7983
2113,D,D7984
2114,D,D7991
2115,D,D8
2116,D,D8073
2117,D,D8074
2118,D,D8075
2119,D,D8076
2120,D,D8090
2121,D,D8092
2122,D,D8095
2123,D,D8096
2124,D,D8097
2125,D,D8098
2126,D,D81
2127,D,D8131
2128,D,D8132
2129,D,D8133
2130,D,D8134
2131,D,D8135
2132,D,D8136
2133,D,D8137
2134,D,D8138
2135,D,D8139
2136,D,D8140
2137,D,D8141
2138,D,D8142
2139,D,D8201
2140,D,D8203
2141,D,D8204
2142,D,D8205
2143,D,D8208
2144,D,D8209
2145,D,D8210
2146,D,D8211
2147,D,D8212
2148,D,D8232
2149,D,D8234
2150,D,D8236
2151,D,D8238
2152,D,D8240
2153,D,D8242
2154,D,D8251
2155,D,D8252
2156,D,D8264
2157,D,D8267
2158,D,D8291
2159,D,D8293
2160,D,D8294
2161,D,D8295
2162,D,D8296
2163,D,D8305
2164,D,D8307
2165,D,D8308
2166,D,D8312
2167,D,D8332
2168,D,D8333
2169,D,D8334
2170,D,D8335
2171,D,D8336
2172,D,D8341
2173,D,D8342
2174,D,D8347
2175,D,D8348
2176,D,D8352
2177,D,D8354
2178,D,D8501
2179,D,D8502
2180,D,D8503
2181,D,D8504
2182,D,D8505
2183,D,D8506
2184,D,D8511
2185,D,D8512
2186,D,D8513
2187,D,D8514
2188,D,D8515
2189,D,D8516
2190,D,D8525
2191,D,D8526
2192,D,D8531
2193,D,D8532
2194,D,D8533
2195,D,D8534
2196,D,D8801
2197,D,D8802
2198,D,D8803
2199,D,D8804
2200,D,D8805
2201,D,D8806
2202,D,D8807
2203,D,D8808
2204,D,D8813
2205,D,D8923
2206,D,D8924
2207,D,D8927
2208,D,D8928
2209,D,D8935
2210,D,D8936
2211,D,D8969
2212,D,D8970
2213,D,D8971
2214,D,D8972
2215,D,D9
2216,D,D901
2217,D,D903
2218,D,D909
2219,D,D9215
2220,D,D9216
2221,D,D9217
2222,D,D9218
2223,D,D923
2224,D,D927
2225,D,D931
2226,D,D933
2227,D,D935
2228,D,D937
2229,D,D939
2230,D,D940
2231,D,D941
2232,D,D943
2233,G,G1
2234,G,G1001
2235,G,G1002
2236,G,G1003
2237,G,G1004
2238,G,G1005
2239,G,G1007
2240,G,G1008
2241,G,G1009
2242,G,G101
2243,G,G1010
2244,G,G1012
2245,G,G1013
2246,G,G1014
2247,G,G1015
2248,G,G1016
2249,G,G1017
2250,G,G1018
2251,G,G1019
2252,G,G102
2253,G,G1020
2254,G,G1021
2255,G,G1022
2256,G,G1032
2257,G,G1034
2258,G,G104
2259,G,G105
2260,G,G106
2261,G,G107
2262,G,G108
2263,G,G109
2264,G,G11
2265,G,G110
2266,G,G1101
2267,G,G1102
2268,G,G1103
2269,G,G1104
2270,G,G1105
2271,G,G1106
2272,G,G1107
2273,G,G1108
2274,G,G1109
2275,G,G111
2276,G,G1110
2277,G,G1111
2278,G,G1112
2279,G,G1113
2280,G,G1114
2281,G,G1115
2282,G,G1117
2283,G,G112
2284,G,G1120
2285,G,G1121
2286,G,G1122
2287,G,G1123
2288,G,G1124
2289,G,G1125
2290,G,G1126
2291,G,G1127
2292,G,G1129
2293,G,G113
2294,G,G1130
2295,G,G1132
2296,G,G1133
2297,G,G1134
2298,G,G1135
2299,G,G1136
2300,G,G1138
2301,G,G1139
2302,G,G114
2303,G,G1140
2304,G,G1141
2305,G,G1143
2306,G,G1144
2307,G,G1148
2308,G,G115
2309,G,G1152
2310,G,G1154
2311,G,G116
2312,G,G117
2313,G,G118
2314,G,G119
2315,G,G12
2316,G,G120
2317,G,G1202
2318,G,G1204
2319,G,G1206
2320,G,G121
2321,G,G1212
2322,G,G1214
2323,G,G122
2324,G,G1222
2325,G,G1224
2326,G,G1226
2327,G,G1228
2328,G,G123
2329,G,G1230
2330,G,G1232
2331,G,G1234
2332,G,G1236
2333,G,G124
2334,G,G1242
2335,G,G1244
2336,G,G1246
2337,G,G1248
2338,G,G125
2339,G,G1251
2340,G,G1252
2341,G,G1256
2342,G,G1258
2343,G,G126
2344,G,G1262
2345,G,G1264
2346,G,G1266
2347,G,G127
2348,G,G1276
2349,G,G1278
2350,G,G128
2351,G,G129
2352,G,G1290
2353,G,G1292
2354,G,G1298
2355,G,G13
2356,G,G130
2357,G,G1300
2358,G,G1301
2359,G,G1303
2360,G,G1304
2361,G,G1305
2362,G,G131
2363,G,G1312
2364,G,G1314
2365,G,G1316
2366,G,G1318
2367,G,G132
2368,G,G1321
2369,G,G1322
2370,G,G1323
2371,G,G1324
2372,G,G1325
2373,G,G1326
2374,G,G1327
2375,G,G1328
2376,G,G1329
2377,G,G133
2378,G,G1330
2379,G,G1331
2380,G,G1332
2381,G,G134
2382,G,G1341
2383,G,G1342
2384,G,G1343
2385,G,G1344
2386,G,G1346
2387,G,G1347
2388,G,G1348
2389,G,G1349
2390,G,G135
2391,G,G1350
2392,G,G1352
2393,G,G1353
2394,G,G1354
2395,G,G1355
2396,G,G1356
2397,G,G1357
2398,G,G1358
2399,G,G1359
2400,G,G136
2401,G,G1361
2402,G,G1363
2403,G,G1364
2404,G,G1365
2405,G,G137
2406,G,G1371
2407,G,G1373
2408,G,G1374
2409,G,G1376
2410,G,G138
2411,G,G1382
2412,G,G1383
2413,G,G1384
2414,G,G1386
2415,G,G1387
2416,G,G1389
2417,G,G139
2418,G,G1391
2419,G,G1393
2420,G,G1394
2421,G,G1395
2422,G,G14
2423,G,G140
2424,G,G1401
2425,G,G1402
2426,G,G1403
2427,G,G1404
2428,G,G1405
2429,G,G1406
2430,G,G141
2431,G,G1416
2432,G,G142
2433,G,G1421
2434,G,G1422
2435,G,G143
2436,G,G1432
2437,G,G1434
2438,G,G144
2439,G,G145
2440,G,G1451
2441,G,G1452
2442,G,G1455
2443,G,G1456
2444,G,G146
2445,G,G147
2446,G,G148
2447,G,G1481
2448,G,G1482
2449,G,G1483
2450,G,G1484
2451,G,G149
2452,G,G1493
2453,G,G15
2454,G,G150
2455,G,G1501
2456,G,G1502
2457,G,G1503
2458,G,G1504
2459,G,G1505
2460,G,G1507
2461,G,G1509
2462,G,G151
2463,G,G152
2464,G,G1521
2465,G,G1522
2466,G,G1523
2467,G,G1524
2468,G,G153
2469,G,G1531
2470,G,G1532
2471,G,G1534
2472,G,G154
2473,G,G155
2474,G,G156
2475,G,G1563
2476,G,G1564
2477,G,G1565
2478,G,G1566
2479,G,G1569
2480,G,G157
2481,G,G1571
2482,G,G1572
2483,G,G158
2484,G,G16
2485,G,G160
2486,G,G1601
2487,G,G1602
2488,G,G161
2489,G,G1611
2490,G,G1619
2491,G,G162
2492,G,G1621
2493,G,G1624
2494,G,G163
2495,G,G1631
2496,G,G1632
2497,G,G1633
2498,G,G1634
2499,G,G1635
2500,G,G1636
2501,G,G1637
2502,G,G1638
2503,G,G1639
2504,G,G164
2505,G,G1641
2506,G,G165
2507,G,G1651
2508,G,G1652
2509,G,G1653
2510,G,G1655
2511,G,G1657
2512,G,G1658
2513,G,G1659
2514,G,G166
2515,G,G1661
2516,G,G167
2517,G,G1671
2518,G,G1672
2519,G,G1673
2520,G,G1675
2521,G,G1676
2522,G,G1677
2523,G,G1678
2524,G,G1679
2525,G,G168
2526,G,G1686
2527,G,G1688
2528,G,G1692
2529,G,G1694
2530,G,G17
2531,G,G171
2532,G,G172
2533,G,G173
2534,G,G174
2535,G,G1741
2536,G,G1743
2537,G,G1745
2538,G,G175
2539,G,G177
2540,G,G178
2541,G,G179
2542,G,G18
2543,G,G180
2544,G,G181
2545,G,G182
2546,G,G183
2547,G,G184
2548,G,G185
2549,G,G186
2550,G,G187
2551,G,G188
2552,G,G19
2553,G,G190
2554,G,G191
2555,G,G192
2556,G,G193
2557,G,G194
2558,G,G195
2559,G,G196
2560,G,G197
2561,G,G198
2562,G,G199
2563,G,G2
2564,G,G20
2565,G,G200
2566,G,G201
2567,G,G202
2568,G,G203
2569,G,G204
2570,G,G205
2571,G,G206
2572,G,G21
2573,G,G2101
2574,G,G2102
2575,G,G2103
2576,G,G2104
2577,G,G2105
2578,G,G2106
2579,G,G2107
2580,G,G2108
2581,G,G211
2582,G,G212
2583,G,G213
2584,G,G214
2585,G,G215
2586,G,G216
2587,G,G217
2588,G,G218
2589,G,G219
2590,G,G22
2591,G,G220
2592,G,G222
2593,G,G224
2594,G,G226
2595,G,G230
2596,G,G2302
2597,G,G2304
2598,G,G2306
2599,G,G2308
2600,G,G2312
2601,G,G2314
2602,G,G2316
2603,G,G2318
2604,G,G2322
2605,G,G2324
2606,G,G2326
2607,G,G2332
2608,G,G2334
2609,G,G2335
2610,G,G2336
2611,G,G234
2612,G,G2342
2613,G,G2344
2614,G,G2352
2615,G,G2354
2616,G,G2356
2617,G,G236
2618,G,G2362
2619,G,G2364
2620,G,G2365
2621,G,G2366
2622,G,G237
2623,G,G238
2624,G,G239
2625,G,G240
2626,G,G246
2627,G,G248
2628,G,G254
2629,G,G256
2630,G,G2602
2631,G,G2608
2632,G,G261
2633,G,G262
2634,G,G263
2635,G,G264
2636,G,G265
2637,G,G266
2638,G,G267
2639,G,G269
2640,G,G27
2641,G,G270
2642,G,G272
2643,G,G28
2644,G,G282
2645,G,G284
2646,G,G29
2647,G,G2901
2648,G,G2902
2649,G,G2903
2650,G,G2904
2651,G,G2905
2652,G,G2906
2653,G,G2911
2654,G,G2912
2655,G,G2913
2656,G,G2914
2657,G,G2915
2658,G,G2916
2659,G,G2917
2660,G,G2918
2661,G,G292
2662,G,G294
2663,G,G297
2664,G,G298
2665,G,G3
2666,G,G30
2667,G,G301
2668,G,G303
2669,G,G307
2670,G,G308
2671,G,G309
2672,G,G31
2673,G,G310
2674,G,G312
2675,G,G314
2676,G,G32
2677,G,G323
2678,G,G325
2679,G,G329
2680,G,G331
2681,G,G332
2682,G,G333
2683,G,G335
2684,G,G336
2685,G,G337
2686,G,G338
2687,G,G34
2688,G,G35
2689,G,G351
2690,G,G352
2691,G,G353
2692,G,G354
2693,G,G355
2694,G,G36
2695,G,G363
2696,G,G364
2697,G,G365
2698,G,G366
2699,G,G37
2700,G,G373
2701,G,G374
2702,G,G381
2703,G,G382
2704,G,G383
2705,G,G384
2706,G,G385
2707,G,G387
2708,G,G389
2709,G,G39
2710,G,G393
2711,G,G394
2712,G,G395
2713,G,G396
2714,G,G397
2715,G,G398
2716,G,G399
2717,G,G4
2718,G,G40
2719,G,G400
2720,G,G401
2721,G,G402
2722,G,G403
2723,G,G404
2724,G,G41
2725,G,G412
2726,G,G42
2727,G,G421
2728,G,G422
2729,G,G423
2730,G,G424
2731,G,G429
2732,G,G43
2733,G,G430
2734,G,G431
2735,G,G432
2736,G,G44
2737,G,G45
2738,G,G452
2739,G,G454
2740,G,G456
2741,G,G46
2742,G,G460
2743,G,G47
2744,G,G471
2745,G,G474
2746,G,G475
2747,G,G476
2748,G,G48
2749,G,G49
2750,G,G5
2751,G,G50
2752,G,G5003
2753,G,G5004
2754,G,G501
2755,G,G502
2756,G,G503
2757,G,G504
2758,G,G505
2759,G,G507
2760,G,G508
2761,G,G509
2762,G,G51
2763,G,G5105
2764,G,G5106
2765,G,G511
2766,G,G512
2767,G,G514
2768,G,G516
2769,G,G517
2770,G,G518
2771,G,G519
2772,G,G52
2773,G,G520
2774,G,G521
2775,G,G525
2776,G,G5251
2777,G,G5253
2778,G,G5254
2779,G,G527
2780,G,G528
2781,G,G529
2782,G,G53
2783,G,G530
2784,G,G5301
2785,G,G5304
2786,G,G531
2787,G,G535
2788,G,G536
2789,G,G5367
2790,G,G5368
2791,G,G5369
2792,G,G537
2793,G,G5370
2794,G,G538
2795,G,G54
2796,G,G541
2797,G,G542
2798,G,G546
2799,G,G547
2800,G,G55
2801,G,G551
2802,G,G552
2803,G,G553
2804,G,G554
2805,G,G555
2806,G,G557
2807,G,G558
2808,G,G559
2809,G,G561
2810,G,G562
2811,G,G565
2812,G,G566
2813,G,G567
2814,G,G57
2815,G,G570
2816,G,G576
2817,G,G578
2818,G,G579
2819,G,G58
2820,G,G580
2821,G,G582
2822,G,G586
2823,G,G59
2824,G,G590
2825,G,G592
2826,G,G594
2827,G,G596
2828,G,G598
2829,G,G6
2830,G,G60
2831,G,G6001
2832,G,G6002
2833,G,G601
2834,G,G6011
2835,G,G6012
2836,G,G6013
2837,G,G6014
2838,G,G6015
2839,G,G6016
2840,G,G6017
2841,G,G6018
2842,G,G6019
2843,G,G602
2844,G,G6020
2845,G,G6021
2846,G,G6022
2847,G,G6023
2848,G,G6024
2849,G,G6025
2850,G,G6026
2851,G,G6027
2852,G,G6028
2853,G,G6029
2854,G,G603
2855,G,G6030
2856,G,G6031
2857,G,G6032
2858,G,G6033
2859,G,G6034
2860,G,G605
2861,G,G606
2862,G,G607
2863,G,G6072
2864,G,G6074
2865,G,G609
2866,G,G6101
2867,G,G6102
2868,G,G6103
2869,G,G6105
2870,G,G611
2871,G,G6110
2872,G,G6111
2873,G,G6112
2874,G,G6116
2875,G,G6117
2876,G,G6118
2877,G,G6119
2878,G,G612
2879,G,G6120
2880,G,G6121
2881,G,G6122
2882,G,G613
2883,G,G6131
2884,G,G6132
2885,G,G614
2886,G,G6142
2887,G,G6144
2888,G,G6146
2889,G,G6148
2890,G,G615
2891,G,G6152
2892,G,G6154
2893,G,G6160
2894,G,G6162
2895,G,G6164
2896,G,G6166
2897,G,G617
2898,G,G618
2899,G,G620
2900,G,G6201
2901,G,G6202
2902,G,G6203
2903,G,G6204
2904,G,G6205
2905,G,G6207
2906,G,G6208
2907,G,G6209
2908,G,G621
2909,G,G6211
2910,G,G6212
2911,G,G6213
2912,G,G6214
2913,G,G6215
2914,G,G6216
2915,G,G6218
2916,G,G6219
2917,G,G622
2918,G,G6221
2919,G,G6222
2920,G,G6223
2921,G,G6224
2922,G,G6225
2923,G,G6227
2924,G,G6229
2925,G,G623
2926,G,G6230
2927,G,G6231
2928,G,G6234
2929,G,G6236
2930,G,G6237
2931,G,G624
2932,G,G6240
2933,G,G6241
2934,G,G6242
2935,G,G6246
2936,G,G6248
2937,G,G625
2938,G,G6250
2939,G,G6251
2940,G,G6252
2941,G,G6253
2942,G,G6254
2943,G,G6255
2944,G,G6258
2945,G,G626
2946,G,G6260
2947,G,G6270
2948,G,G6271
2949,G,G6272
2950,G,G6274
2951,G,G6276
2952,G,G6284
2953,G,G6286
2954,G,G6288
2955,G,G6289
2956,G,G6290
2957,G,G6292
2958,G,G6293
2959,G,G6301
2960,G,G6303
2961,G,G6305
2962,G,G6307
2963,G,G6309
2964,G,G631
2965,G,G6311
2966,G,G6313
2967,G,G6315
2968,G,G6317
2969,G,G6319
2970,G,G632
2971,G,G6321
2972,G,G6323
2973,G,G6325
2974,G,G6327
2975,G,G6329
2976,G,G633
2977,G,G6331
2978,G,G634
2979,G,G635
2980,G,G636
2981,G,G637
2982,G,G638
2983,G,G64
2984,G,G6402
2985,G,G6403
2986,G,G6404
2987,G,G6405
2988,G,G6406
2989,G,G6407
2990,G,G6408
2991,G,G6409
2992,G,G6410
2993,G,G6411
2994,G,G6412
2995,G,G6413
2996,G,G6414
2997,G,G6415
2998,G,G6416
2999,G,G6417
3000,G,G6418
3001,G,G6419
3002,G,G6451
3003,G,G6452
3004,G,G6453
3005,G,G6454
3006,G,G6455
3007,G,G6456
3008,G,G6457
3009,G,G6486
3010,G,G6488
3011,G,G65
3012,G,G6501
3013,G,G6502
3014,G,G6503
3015,G,G6504
3016,G,G6506
3017,G,G6507
3018,G,G6508
3019,G,G6510
3020,G,G6511
3021,G,G6512
3022,G,G6513
3023,G,G6514
3024,G,G6515
3025,G,G6516
3026,G,G6517
3027,G,G6518
3028,G,G6519
3029,G,G6520
3030,G,G6521
3031,G,G6522
3032,G,G6523
3033,G,G6524
3034,G,G6525
3035,G,G6526
3036,G,G6527
3037,G,G6528
3038,G,G6529
3039,G,G6530
3040,G,G6531
3041,G,G6532
3042,G,G6533
3043,G,G6534
3044,G,G6535
3045,G,G6536
3046,G,G6537
3047,G,G6538
3048,G,G6539
3049,G,G6540
3050,G,G6541
3051,G,G6542
3052,G,G6543
3053,G,G6544
3054,G,G6545
3055,G,G6546
3056,G,G6547
3057,G,G6549
3058,G,G6601
3059,G,G67
3060,G,G6701
3061,G,G6703
3062,G,G6704
3063,G,G6705
3064,G,G6706
3065,G,G6707
3066,G,G6709
3067,G,G6710
3068,G,G6712
3069,G,G6713
3070,G,G6714
3071,G,G6718
3072,G,G6731
3073,G,G6732
3074,G,G6733
3075,G,G6734
3076,G,G6735
3077,G,G6736
3078,G,G6741
3079,G,G6742
3080,G,G6743
3081,G,G6744
3082,G,G6745
3083,G,G6746
3084,G,G6751
3085,G,G6752
3086,G,G6755
3087,G,G676
3088,G,G6781
3089,G,G6782
3090,G,G69
3091,G,G7
3092,G,G7001
3093,G,G7002
3094,G,G7003
3095,G,G7004
3096,G,G7005
3097,G,G7006
3098,G,G7007
3099,G,G7008
3100,G,G7009
3101,G,G701
3102,G,G7010
3103,G,G7011
3104,G,G7012
3105,G,G7013
3106,G,G7014
3107,G,G7015
3108,G,G7016
3109,G,G7017
3110,G,G7019
3111,G,G702
3112,G,G7020
3113,G,G7021
3114,G,G7022
3115,G,G7023
3116,G,G7024
3117,G,G7025
3118,G,G7026
3119,G,G7027
3120,G,G7028
3121,G,G7029
3122,G,G703
3123,G,G7030
3124,G,G7031
3125,G,G7032
3126,G,G7033
3127,G,G7034
3128,G,G7035
3129,G,G7036
3130,G,G7037
3131,G,G7038
3132,G,G7039
3133,G,G704
3134,G,G7040
3135,G,G7041
3136,G,G7042
3137,G,G7044
3138,G,G7045
3139,G,G7046
3140,G,G7047
3141,G,G7048
3142,G,G7049
3143,G,G705
3144,G,G7050
3145,G,G7051
3146,G,G7052
3147,G,G7053
3148,G,G7055
3149,G,G7056
3150,G,G7057
3151,G,G7058
3152,G,G7059
3153,G,G706
3154,G,G7060
3155,G,G7061
3156,G,G7062
3157,G,G7063
3158,G,G7065
3159,G,G7066
3160,G,G7067
3161,G,G7068
3162,G,G7069
3163,G,G707
3164,G,G7070
3165,G,G7076
3166,G,G708
3167,G,G7082
3168,G,G7084
3169,G,G709
3170,G,G7097
3171,G,G7098
3172,G,G71
3173,G,G710
3174,G,G7101
3175,G,G7102
3176,G,G7103
3177,G,G7104
3178,G,G7105
3179,G,G7106
3180,G,G7107
3181,G,G7108
3182,G,G7109
3183,G,G711
3184,G,G7110
3185,G,G7111
3186,G,G7112
3187,G,G7113
3188,G,G7114
3189,G,G7115
3190,G,G7116
3191,G,G7117
3192,G,G7118
3193,G,G7119
3194,G,G712
3195,G,G7120
3196,G,G7121
3197,G,G7122
3198,G,G7123
3199,G,G7124
3200,G,G7125
3201,G,G7126
3202,G,G7128
3203,G,G713
3204,G,G7132
3205,G,G7136
3206,G,G714
3207,G,G7142
3208,G,G7146
3209,G,G715
3210,G,G7158
3211,G,G716
3212,G,G7167
3213,G,G7169
3214,G,G717
3215,G,G7170
3216,G,G7177
3217,G,G718
3218,G,G719
3219,G,G72
3220,G,G720
3221,G,G7201
3222,G,G7202
3223,G,G7203
3224,G,G7204
3225,G,G7205
3226,G,G7206
3227,G,G7207
3228,G,G7208
3229,G,G7209
3230,G,G721
3231,G,G7210
3232,G,G7211
3233,G,G7212
3234,G,G722
3235,G,G7221
3236,G,G723
3237,G,G7232
3238,G,G7234
3239,G,G724
3240,G,G7244
3241,G,G7246
3242,G,G7248
3243,G,G725
3244,G,G7250
3245,G,G7252
3246,G,G7254
3247,G,G726
3248,G,G7260
3249,G,G7267
3250,G,G7268
3251,G,G727
3252,G,G7272
3253,G,G7275
3254,G,G7276
3255,G,G728
3256,G,G729
3257,G,G7296
3258,G,G7298
3259,G,G730
3260,G,G7309
3261,G,G731
3262,G,G7312
3263,G,G732
3264,G,G7334
3265,G,G7335
3266,G,G7337
3267,G,G7340
3268,G,G7341
3269,G,G7342
3270,G,G7343
3271,G,G7344
3272,G,G7350
3273,G,G7355
3274,G,G7356
3275,G,G7361
3276,G,G7369
3277,G,G7372
3278,G,G7374
3279,G,G7379
3280,G,G7380
3281,G,G7381
3282,G,G7382
3283,G,G7383
3284,G,G7384
3285,G,G7388
3286,G,G7395
3287,G,G7397
3288,G,G74
3289,G,G7402
3290,G,G7403
3291,G,G7413
3292,G,G7414
3293,G,G7417
3294,G,G7418
3295,G,G7419
3296,G,G7420
3297,G,G7421
3298,G,G7422
3299,G,G7423
3300,G,G7434
3301,G,G75
3302,G,G7501
3303,G,G7502
3304,G,G7504
3305,G,G7505
3306,G,G7507
3307,G,G7509
3308,G,G751
3309,G,G7510
3310,G,G7512
3311,G,G7514
3312,G,G7516
3313,G,G7517
3314,G,G7519
3315,G,G7520
3316,G,G7521
3317,G,G7522
3318,G,G7525
3319,G,G7527
3320,G,G7528
3321,G,G7533
3322,G,G7534
3323,G,G7535
3324,G,G7536
3325,G,G7538
3326,G,G7540
3327,G,G7561
3328,G,G7564
3329,G,G7567
3330,G,G7568
3331,G,G7571
3332,G,G7572
3333,G,G7578
3334,G,G7583
3335,G,G7585
3336,G,G7598
3337,G,G76
3338,G,G7601
3339,G,G7602
3340,G,G7604
3341,G,G7605
3342,G,G7607
3343,G,G7609
3344,G,G7612
3345,G,G7619
3346,G,G7620
3347,G,G7621
3348,G,G7622
3349,G,G7624
3350,G,G7625
3351,G,G7627
3352,G,G7628
3353,G,G7629
3354,G,G763
3355,G,G7630
3356,G,G7632
3357,G,G7639
3358,G,G764
3359,G,G7640
3360,G,G7650
3361,G,G7658
3362,G,G7662
3363,G,G7664
3364,G,G7665
3365,G,G7669
3366,G,G7686
3367,G,G7689
3368,G,G7690
3369,G,G7692
3370,G,G7694
3371,G,G77
3372,G,G78
3373,G,G782
3374,G,G784
3375,G,G786
3376,G,G788
3377,G,G79
3378,G,G8
3379,G,G80
3380,G,G8001
3381,G,G8002
3382,G,G8003
3383,G,G8004
3384,G,G8005
3385,G,G8006
3386,G,G8007
3387,G,G8008
3388,G,G8010
3389,G,G8011
3390,G,G8012
3391,G,G8013
3392,G,G8014
3393,G,G8015
3394,G,G8016
3395,G,G8017
3396,G,G8018
3397,G,G8019
3398,G,G8020
3399,G,G8021
3400,G,G8022
3401,G,G8023
3402,G,G8024
3403,G,G8031
3404,G,G8032
3405,G,G8033
3406,G,G8034
3407,G,G8041
3408,G,G8042
3409,G,G8043
3410,G,G8045
3411,G,G8046
3412,G,G8048
3413,G,G8049
3414,G,G8050
3415,G,G8051
3416,G,G8052
3417,G,G8053
3418,G,G8054
3419,G,G8055
3420,G,G8056
3421,G,G8057
3422,G,G8058
3423,G,G8059
3424,G,G8060
3425,G,G8061
3426,G,G8062
3427,G,G8063
3428,G,G8064
3429,G,G8069
3430,G,G8070
3431,G,G8081
3432,G,G8082
3433,G,G8085
3434,G,G8087
3435,G,G8091
3436,G,G8093
3437,G,G8095
3438,G,G8097
3439,G,G81
3440,G,G8102
3441,G,G8104
3442,G,G8106
3443,G,G8108
3444,G,G8115
3445,G,G8116
3446,G,G8125
3447,G,G8127
3448,G,G8128
3449,G,G82
3450,G,G83
3451,G,G836
3452,G,G84
3453,G,G85
3454,G,G8501
3455,G,G8503
3456,G,G8504
3457,G,G8505
3458,G,G8506
3459,G,G8508
3460,G,G8509
3461,G,G8510
3462,G,G8511
3463,G,G8512
3464,G,G8513
3465,G,G8514
3466,G,G8515
3467,G,G8516
3468,G,G8517
3469,G,G8518
3470,G,G8519
3471,G,G8520
3472,G,G8521
3473,G,G8522
3474,G,G8523
3475,G,G8524
3476,G,G8525
3477,G,G8526
3478,G,G8527
3479,G,G8528
3480,G,G8529
3481,G,G8530
3482,G,G8531
3483,G,G8532
3484,G,G8533
3485,G,G8534
3486,G,G8535
3487,G,G8536
3488,G,G8537
3489,G,G8538
3490,G,G8539
3491,G,G8540
3492,G,G8541
3493,G,G8542
3494,G,G8543
3495,G,G8544
3496,G,G8545
3497,G,G8546
3498,G,G8547
3499,G,G8549
3500,G,G8550
3501,G,G8551
3502,G,G8552
3503,G,G8553
3504,G,G8554
3505,G,G8555
3506,G,G8556
3507,G,G86
3508,G,G8602
3509,G,G8604
3510,G,G8605
3511,G,G8606
3512,G,G8607
3513,G,G8608
3514,G,G8609
3515,G,G8610
3516,G,G8681
3517,G,G8682
3518,G,G8683
3519,G,G8684
3520,G,G882
3521,G,G8827
3522,G,G8828
3523,G,G884
3524,G,G886
3525,G,G888
3526,G,G8891
3527,G,G8892
3528,G,G8893
3529,G,G8894
3530,G,G8895
3531,G,G8896
3532,G,G8897
3533,G,G8898
3534,G,G89
3535,G,G8901
3536,G,G8902
3537,G,G8903
3538,G,G8904
3539,G,G8905
3540,G,G8906
3541,G,G8907
3542,G,G8908
3543,G,G8909
3544,G,G8910
3545,G,G8911
3546,G,G8912
3547,G,G8917
3548,G,G8918
3549,G,G8919
3550,G,G892
3551,G,G8920
3552,G,G8923
3553,G,G8924
3554,G,G8931
3555,G,G8932
3556,G,G8933
3557,G,G8934
3558,G,G8935
3559,G,G8936
3560,G,G8937
3561,G,G8938
3562,G,G894
3563,G,G8953
3564,G,G8954
3565,G,G896
3566,G,G898
3567,G,G8997
3568,G,G8998
3569,G,G9001
3570,G,G9002
3571,G,G9003
3572,G,G9004
3573,G,G91
3574,G,G93
3575,G,G94
3576,G,G96
3577,G,G9641
3578,G,G9643
3579,G,G9645
3580,G,G9647
3581,K,K1002
3582,K,K1004
3583,K,K1006
3584,K,K1008
3585,K,K1009
3586,K,K101
3587,K,K1010
3588,K,K1012
3589,K,K1014
3590,K,K1015
3591,K,K1016
3592,K,K1019
3593,K,K102
3594,K,K1020
3595,K,K1021
3596,K,K1022
3597,K,K1023
3598,K,K1024
3599,K,K1028
3600,K,K1029
3601,K,K1030
3602,K,K1032
3603,K,K1034
3604,K,K1040
3605,K,K1042
3606,K,K1047
3607,K,K1048
3608,K,K105
3609,K,K1050
3610,K,K1052
3611,K,K1054
3612,K,K1058
3613,K,K106
3614,K,K1060
3615,K,K1062
3616,K,K1064
3617,K,K1066
3618,K,K1068
3619,K,K1071
3620,K,K1072
3621,K,K1073
3622,K,K1074
3623,K,K1077
3624,K,K1078
3625,K,K1079
3626,K,K1080
3627,K,K1085
3628,K,K1087
3629,K,K1089
3630,K,K109
3631,K,K1090
3632,K,K1092
3633,K,K1094
3634,K,K1096
3635,K,K1098
3636,K,K110
3637,K,K1101
3638,K,K1102
3639,K,K1106
3640,K,K1108
3641,K,K1109
3642,K,K111
3643,K,K1110
3644,K,K1115
3645,K,K1117
3646,K,K112
3647,K,K1122
3648,K,K1124
3649,K,K1127
3650,K,K1128
3651,K,K113
3652,K,K1130
3653,K,K1132
3654,K,K1136
3655,K,K1138
3656,K,K1139
3657,K,K114
3658,K,K1140
3659,K,K1142
3660,K,K1144
3661,K,K1149
3662,K,K115
3663,K,K1150
3664,K,K1152
3665,K,K1154
3666,K,K1156
3667,K,K1158
3668,K,K116
3669,K,K1160
3670,K,K1162
3671,K,K1163
3672,K,K1165
3673,K,K1168
3674,K,K1170
3675,K,K1172
3676,K,K1174
3677,K,K1177
3678,K,K1178
3679,K,K118
3680,K,K1182
3681,K,K1184
3682,K,K1185
3683,K,K1187
3684,K,K1189
3685,K,K1190
3686,K,K1191
3687,K,K1192
3688,K,K1196
3689,K,K1198
3690,K,K1202
3691,K,K1204
3692,K,K1206
3693,K,K1208
3694,K,K1211
3695,K,K1212
3696,K,K1215
3697,K,K1216
3698,K,K1218
3699,K,K1220
3700,K,K1223
3701,K,K1224
3702,K,K1227
3703,K,K1228
3704,K,K1229
3705,K,K123
3706,K,K1230
3707,K,K1232
3708,K,K1234
3709,K,K1235
3710,K,K1236
3711,K,K1238
3712,K,K124
3713,K,K1240
3714,K,K1241
3715,K,K1242
3716,K,K1247
3717,K,K1248
3718,K,K1249
3719,K,K1251
3720,K,K1256
3721,K,K1258
3722,K,K1259
3723,K,K126
3724,K,K1260
3725,K,K1263
3726,K,K1264
3727,K,K1268
3728,K,K1270
3729,K,K1271
3730,K,K1273
3731,K,K1276
3732,K,K1278
3733,K,K128
3734,K,K1282
3735,K,K1284
3736,K,K1285
3737,K,K1286
3738,K,K1294
3739,K,K1295
3740,K,K1296
3741,K,K1301
3742,K,K1305
3743,K,K1307
3744,K,K1310
3745,K,K1312
3746,K,K1315
3747,K,K1316
3748,K,K132
3749,K,K1323
3750,K,K1324
3751,K,K1326
3752,K,K1328
3753,K,K1329
3754,K,K1330
3755,K,K1331
3756,K,K1332
3757,K,K1336
3758,K,K1338
3759,K,K134
3760,K,K1348
3761,K,K1350
3762,K,K1352
3763,K,K1354
3764,K,K1360
3765,K,K1362
3766,K,K1363
3767,K,K1364
3768,K,K1365
3769,K,K1366
3770,K,K1373
3771,K,K1374
3772,K,K1378
3773,K,K1380
3774,K,K1382
3775,K,K1384
3776,K,K1387
3777,K,K1388
3778,K,K1392
3779,K,K1396
3780,K,K1398
3781,K,K142
3782,K,K144
3783,K,K145
3784,K,K1450
3785,K,K1452
3786,K,K1453
3787,K,K1454
3788,K,K146
3789,K,K147
3790,K,K1473
3791,K,K1474
3792,K,K1476
3793,K,K1478
3794,K,K148
3795,K,K149
3796,K,K15
3797,K,K150
3798,K,K1502
3799,K,K1504
3800,K,K1505
3801,K,K1506
3802,K,K1511
3803,K,K1512
3804,K,K1518
3805,K,K152
3806,K,K1520
3807,K,K1526
3808,K,K1528
3809,K,K1532
3810,K,K1534
3811,K,K1535
3812,K,K1536
3813,K,K1538
3814,K,K154
3815,K,K1540
3816,K,K1546
3817,K,K1548
3818,K,K155
3819,K,K1556
3820,K,K1558
3821,K,K156
3822,K,K1561
3823,K,K1562
3824,K,K1565
3825,K,K1566
3826,K,K157
3827,K,K1572
3828,K,K1574
3829,K,K158
3830,K,K1582
3831,K,K1584
3832,K,K1585
3833,K,K1586
3834,K,K159
3835,K,K1590
3836,K,K1592
3837,K,K1595
3838,K,K1596
3839,K,K16
3840,K,K160
3841,K,K1603
3842,K,K1604
3843,K,K1609
3844,K,K161
3845,K,K1610
3846,K,K1613
3847,K,K1614
3848,K,K1615
3849,K,K1616
3850,K,K162
3851,K,K1620
3852,K,K1622
3853,K,K1627
3854,K,K1628
3855,K,K1629
3856,K,K1630
3857,K,K1634
3858,K,K1636
3859,K,K165
3860,K,K166
3861,K,K1662
3862,K,K1665
3863,K,K1666
3864,K,K1669
3865,K,K167
3866,K,K1670
3867,K,K1673
3868,K,K1678
3869,K,K168
3870,K,K1686
3871,K,K1688
3872,K,K169
3873,K,K170
3874,K,K172
3875,K,K174
3876,K,K175
3877,K,K176
3878,K,K177
3879,K,K178
3880,K,K1785
3881,K,K1786
3882,K,K179
3883,K,K180
3884,K,K1803
3885,K,K1804
3886,K,K1805
3887,K,K1806
3888,K,K181
3889,K,K182
3890,K,K183
3891,K,K184
3892,K,K188
3893,K,K1885
3894,K,K1886
3895,K,K190
3896,K,K1901
3897,K,K1902
3898,K,K192
3899,K,K194
3900,K,K195
3901,K,K196
3902,K,K201
3903,K,K2013
3904,K,K2014
3905,K,K202
3906,K,K2036
3907,K,K2038
3908,K,K2046
3909,K,K2048
3910,K,K2058
3911,K,K206
3912,K,K2060
3913,K,K21
3914,K,K210
3915,K,K212
3916,K,K2121
3917,K,K2122
3918,K,K213
3919,K,K214
3920,K,K215
3921,K,K216
3922,K,K218
3923,K,K2186
3924,K,K2188
3925,K,K22
3926,K,K220
3927,K,K226
3928,K,K2276
3929,K,K2278
3930,K,K228
3931,K,K2286
3932,K,K2288
3933,K,K23
3934,K,K230
3935,K,K232
3936,K,K234
3937,K,K2367
3938,K,K2369
3939,K,K237
3940,K,K238
3941,K,K2386
3942,K,K2388
3943,K,K242
3944,K,K244
3945,K,K245
3946,K,K246
3947,K,K2501
3948,K,K2503
3949,K,K253
3950,K,K254
3951,K,K255
3952,K,K256
3953,K,K257
3954,K,K258
3955,K,K262
3956,K,K2629
3957,K,K263
3958,K,K2630
3959,K,K264
3960,K,K265
3961,K,K266
3962,K,K2665
3963,K,K2666
3964,K,K267
3965,K,K268
3966,K,K269
3967,K,K27
3968,K,K271
3969,K,K272
3970,K,K274
3971,K,K276
3972,K,K279
3973,K,K28
3974,K,K280
3975,K,K282
3976,K,K284
3977,K,K285
3978,K,K286
3979,K,K287
3980,K,K288
3981,K,K290
3982,K,K2906
3983,K,K2908
3984,K,K292
3985,K,K294
3986,K,K296
3987,K,K297
3988,K,K298
3989,K,K3
3990,K,K30
3991,K,K302
3992,K,K304
3993,K,K305
3994,K,K306
3995,K,K309
3996,K,K311
3997,K,K316
3998,K,K318
3999,K,K32
4000,K,K321
4001,K,K322
4002,K,K326
4003,K,K328
4004,K,K330
4005,K,K332
4006,K,K335
4007,K,K336
4008,K,K337
4009,K,K338
4010,K,K339
4011,K,K34
4012,K,K340
4013,K,K342
4014,K,K344
4015,K,K346
4016,K,K348
4017,K,K351
4018,K,K352
4019,K,K356
4020,K,K358
4021,K,K359
4022,K,K36
4023,K,K360
4024,K,K365
4025,K,K367
4026,K,K369
4027,K,K372
4028,K,K376
4029,K,K378
4030,K,K382
4031,K,K384
4032,K,K386
4033,K,K388
4034,K,K39
4035,K,K390
4036,K,K392
4037,K,K40
4038,K,K401
4039,K,K402
4040,K,K41
4041,K,K411
4042,K,K412
4043,K,K419
4044,K,K420
4045,K,K422
4046,K,K424
4047,K,K426
4048,K,K428
4049,K,K429
4050,K,K43
4051,K,K430
4052,K,K435
4053,K,K437
4054,K,K441
4055,K,K442
4056,K,K446
4057,K,K448
4058,K,K45
4059,K,K452
4060,K,K454
4061,K,K457
4062,K,K458
4063,K,K4611
4064,K,K462
4065,K,K464
4066,K,K466
4067,K,K468
4068,K,K469
4069,K,K4695
4070,K,K4696
4071,K,K470
4072,K,K471
4073,K,K472
4074,K,K473
4075,K,K474
4076,K,K476
4077,K,K478
4078,K,K479
4079,K,K48
4080,K,K480
4081,K,K483
4082,K,K484
4083,K,K486
4084,K,K488
4085,K,K489
4086,K,K490
4087,K,K491
4088,K,K492
4089,K,K495
4090,K,K496
4091,K,K497
4092,K,K498
4093,K,K5
4094,K,K50
4095,K,K502
4096,K,K504
4097,K,K505
4098,K,K506
4099,K,K507
4100,K,K51
4101,K,K5101
4102,K,K5102
4103,K,K5103
4104,K,K5104
4105,K,K5105
4106,K,K5106
4107,K,K5109
4108,K,K511
4109,K,K5110
4110,K,K5111
4111,K,K5112
4112,K,K5115
4113,K,K5116
4114,K,K5119
4115,K,K512
4116,K,K5120
4117,K,K5125
4118,K,K5126
4119,K,K5138
4120,K,K5141
4121,K,K5142
4122,K,K5145
4123,K,K5146
4124,K,K5147
4125,K,K5148
4126,K,K516
4127,K,K5162
4128,K,K5164
4129,K,K518
4130,K,K5193
4131,K,K5194
4132,K,K5195
4133,K,K5196
4134,K,K52
4135,K,K520
4136,K,K5215
4137,K,K5216
4138,K,K522
4139,K,K525
4140,K,K526
4141,K,K527
4142,K,K528
4143,K,K529
4144,K,K53
4145,K,K530
4146,K,K536
4147,K,K538
4148,K,K5391
4149,K,K5392
4150,K,K54
4151,K,K542
4152,K,K544
4153,K,K546
4154,K,K548
4155,K,K549
4156,K,K55
4157,K,K550
4158,K,K552
4159,K,K554
4160,K,K559
4161,K,K56
4162,K,K560
4163,K,K564
4164,K,K566
4165,K,K568
4166,K,K570
4167,K,K571
4168,K,K573
4169,K,K574
4170,K,K575
4171,K,K576
4172,K,K577
4173,K,K578
4174,K,K582
4175,K,K584
4176,K,K586
4177,K,K588
4178,K,K589
4179,K,K590
4180,K,K594
4181,K,K596
4182,K,K598
4183,K,K6
4184,K,K60
4185,K,K600
4186,K,K601
4187,K,K602
4188,K,K603
4189,K,K604
4190,K,K606
4191,K,K608
4192,K,K609
4193,K,K610
4194,K,K6111
4195,K,K6112
4196,K,K612
4197,K,K614
4198,K,K615
4199,K,K616
4200,K,K617
4201,K,K618
4202,K,K62
4203,K,K622
4204,K,K624
4205,K,K626
4206,K,K628
4207,K,K629
4208,K,K630
4209,K,K632
4210,K,K634
4211,K,K636
4212,K,K638
4213,K,K64
4214,K,K642
4215,K,K644
4216,K,K646
4217,K,K648
4218,K,K651
4219,K,K652
4220,K,K655
4221,K,K656
4222,K,K66
4223,K,K661
4224,K,K662
4225,K,K666
4226,K,K668
4227,K,K671
4228,K,K672
4229,K,K675
4230,K,K677
4231,K,K679
4232,K,K680
4233,K,K681
4234,K,K683
4235,K,K687
4236,K,K688
4237,K,K689
4238,K,K690
4239,K,K691
4240,K,K692
4241,K,K70
4242,K,K7001
4243,K,K7002
4244,K,K7006
4245,K,K7007
4246,K,K7015
4247,K,K7016
4248,K,K7017
4249,K,K7018
4250,K,K7019
4251,K,K702
4252,K,K7020
4253,K,K7021
4254,K,K7022
4255,K,K7023
4256,K,K7025
4257,K,K7026
4258,K,K7027
4259,K,K7028
4260,K,K7032
4261,K,K7033
4262,K,K7034
4263,K,K7035
4264,K,K7036
4265,K,K7037
4266,K,K7038
4267,K,K7039
4268,K,K704
4269,K,K7040
4270,K,K7041
4271,K,K7042
4272,K,K7047
4273,K,K7048
4274,K,K7049
4275,K,K7050
4276,K,K7051
4277,K,K7052
4278,K,K7053
4279,K,K7054
4280,K,K7057
4281,K,K7058
4282,K,K706
4283,K,K7062
4284,K,K7064
4285,K,K7065
4286,K,K7066
4287,K,K7071
4288,K,K7072
4289,K,K7074
4290,K,K7076
4291,K,K7077
4292,K,K7078
4293,K,K708
4294,K,K7081
4295,K,K7082
4296,K,K7083
4297,K,K7084
4298,K,K7085
4299,K,K7086
4300,K,K7087
4301,K,K7088
4302,K,K7089
4303,K,K7090
4304,K,K7091
4305,K,K7092
4306,K,K7093
4307,K,K7094
4308,K,K71
4309,K,K710
4310,K,K7106
4311,K,K7108
4312,K,K7110
4313,K,K7112
4314,K,K7113
4315,K,K7114
4316,K,K7115
4317,K,K7116
4318,K,K7117
4319,K,K7118
4320,K,K7119
4321,K,K712
4322,K,K7120
4323,K,K7124
4324,K,K7126
4325,K,K7127
4326,K,K7128
4327,K,K7131
4328,K,K7132
4329,K,K7133
4330,K,K7134
4331,K,K7145
4332,K,K7146
4333,K,K715
4334,K,K7154
4335,K,K7156
4336,K,K716
4337,K,K7165
4338,K,K7166
4339,K,K7172
4340,K,K7174
4341,K,K7177
4342,K,K7178
4343,K,K7187
4344,K,K7188
4345,K,K7192
4346,K,K7194
4347,K,K7203
4348,K,K7204
4349,K,K7205
4350,K,K7206
4351,K,K7208
4352,K,K7211
4353,K,K7212
4354,K,K7213
4355,K,K7214
4356,K,K7215
4357,K,K7216
4358,K,K7217
4359,K,K7218
4360,K,K722
4361,K,K7221
4362,K,K7223
4363,K,K7225
4364,K,K7226
4365,K,K7227
4366,K,K7228
4367,K,K7231
4368,K,K7232
4369,K,K7233
4370,K,K7234
4371,K,K7235
4372,K,K7236
4373,K,K7237
4374,K,K7238
4375,K,K7244
4376,K,K7251
4377,K,K7252
4378,K,K726
4379,K,K7265
4380,K,K7266
4381,K,K7273
4382,K,K7274
4383,K,K7275
4384,K,K7276
4385,K,K7277
4386,K,K7278
4387,K,K7279
4388,K,K728
4389,K,K7280
4390,K,K7281
4391,K,K7282
4392,K,K7283
4393,K,K7284
4394,K,K7285
4395,K,K7286
4396,K,K7287
4397,K,K7288
4398,K,K729
4399,K,K7291
4400,K,K7292
4401,K,K73
4402,K,K7301
4403,K,K7302
4404,K,K7303
4405,K,K7304
4406,K,K7305
4407,K,K7306
4408,K,K7309
4409,K,K731
4410,K,K7310
4411,K,K7311
4412,K,K7312
4413,K,K7323
4414,K,K7324
4415,K,K7325
4416,K,K7326
4417,K,K7328
4418,K,K7330
4419,K,K7333
4420,K,K7334
4421,K,K7345
4422,K,K7346
4423,K,K7347
4424,K,K7349
4425,K,K7351
4426,K,K7352
4427,K,K7357
4428,K,K7358
4429,K,K736
4430,K,K7361
4431,K,K7362
4432,K,K7364
4433,K,K7369
4434,K,K7370
4435,K,K7375
4436,K,K7376
4437,K,K7378
4438,K,K738
4439,K,K7380
4440,K,K7381
4441,K,K7382
4442,K,K7383
4443,K,K7384
4444,K,K7385
4445,K,K7386
4446,K,K7387
4447,K,K7388
4448,K,K739
4449,K,K7392
4450,K,K7394
4451,K,K7395
4452,K,K7397
4453,K,K740
4454,K,K742
4455,K,K7425
4456,K,K7426
4457,K,K7430
4458,K,K7459
4459,K,K7461
4460,K,K748
4461,K,K75
4462,K,K750
4463,K,K7501
4464,K,K7502
4465,K,K7505
4466,K,K751
4467,K,K7511
4468,K,K7512
4469,K,K7517
4470,K,K7518
4471,K,K752
4472,K,K7525
4473,K,K7527
4474,K,K7528
4475,K,K7541
4476,K,K7542
4477,K,K756
4478,K,K7562
4479,K,K7564
4480,K,K7565
4481,K,K7566
4482,K,K758
4483,K,K759
4484,K,K7591
4485,K,K7592
4486,K,K7597
4487,K,K7598
4488,K,K76
4489,K,K760
4490,K,K762
4491,K,K764
4492,K,K768
4493,K,K770
4494,K,K7701
4495,K,K7702
4496,K,K7707
4497,K,K7708
4498,K,K7709
4499,K,K771
4500,K,K7710
4501,K,K7711
4502,K,K7712
4503,K,K7714
4504,K,K7716
4505,K,K7718
4506,K,K772
4507,K,K7720
4508,K,K7721
4509,K,K7723
4510,K,K7724
4511,K,K7726
4512,K,K7728
4513,K,K7732
4514,K,K7734
4515,K,K7738
4516,K,K7740
4517,K,K7746
4518,K,K7748
4519,K,K775
4520,K,K7752
4521,K,K7754
4522,K,K7756
4523,K,K7759
4524,K,K776
4525,K,K7760
4526,K,K7762
4527,K,K7764
4528,K,K7766
4529,K,K7768
4530,K,K7771
4531,K,K7772
4532,K,K7773
4533,K,K7774
4534,K,K7782
4535,K,K7783
4536,K,K7784
4537,K,K7787
4538,K,K7788
4539,K,K7801
4540,K,K7802
4541,K,K7803
4542,K,K7804
4543,K,K7805
4544,K,K7806
4545,K,K7807
4546,K,K7808
4547,K,K782
4548,K,K7831
4549,K,K7832
4550,K,K7833
4551,K,K7834
4552,K,K7835
4553,K,K7836
4554,K,K7837
4555,K,K7838
4556,K,K784
4557,K,K787
4558,K,K788
4559,K,K79
4560,K,K7901
4561,K,K7902
4562,K,K7903
4563,K,K7904
4564,K,K7905
4565,K,K7906
4566,K,K7907
4567,K,K7908
4568,K,K7909
4569,K,K7910
4570,K,K7911
4571,K,K7912
4572,K,K7913
4573,K,K7914
4574,K,K7916
4575,K,K7918
4576,K,K7920
4577,K,K7922
4578,K,K793
4579,K,K795
4580,K,K7955
4581,K,K7956
4582,K,K7959
4583,K,K7960
4584,K,K7961
4585,K,K7962
4586,K,K7964
4587,K,K7966
4588,K,K7968
4589,K,K7971
4590,K,K7972
4591,K,K7975
4592,K,K7977
4593,K,K799
4594,K,K7993
4595,K,K80
4596,K,K800
4597,K,K8002
4598,K,K8069
4599,K,K807
4600,K,K808
4601,K,K8082
4602,K,K8084
4603,K,K8088
4604,K,K8090
4605,K,K8102
4606,K,K8103
4607,K,K8114
4608,K,K8116
4609,K,K8123
4610,K,K8124
4611,K,K813
4612,K,K814
4613,K,K8155
4614,K,K8156
4615,K,K8159
4616,K,K8160
4617,K,K8161
4618,K,K8162
4619,K,K8165
4620,K,K8168
4621,K,K8169
4622,K,K817
4623,K,K8170
4624,K,K8176
4625,K,K8178
4626,K,K818
4627,K,K8181
4628,K,K8182
4629,K,K819
4630,K,K8199
4631,K,K82
4632,K,K820
4633,K,K8200
4634,K,K8203
4635,K,K8204
4636,K,K822
4637,K,K8222
4638,K,K8223
4639,K,K8239
4640,K,K824
4641,K,K8240
4642,K,K8241
4643,K,K8242
4644,K,K8243
4645,K,K8244
4646,K,K8252
4647,K,K8254
4648,K,K8261
4649,K,K8262
4650,K,K827
4651,K,K8281
4652,K,K8282
4653,K,K8285
4654,K,K8286
4655,K,K8287
4656,K,K8288
4657,K,K829
4658,K,K831
4659,K,K8322
4660,K,K8324
4661,K,K833
4662,K,K835
4663,K,K8356
4664,K,K8358
4665,K,K8359
4666,K,K836
4667,K,K8360
4668,K,K8361
4669,K,K8362
4670,K,K8365
4671,K,K8366
4672,K,K8371
4673,K,K8372
4674,K,K8373
4675,K,K8379
4676,K,K8380
4677,K,K8381
4678,K,K8382
4679,K,K8385
4680,K,K8386
4681,K,K8399
4682,K,K84
4683,K,K8401
4684,K,K8402
4685,K,K8409
4686,K,K841
4687,K,K8410
4688,K,K8412
4689,K,K8414
4690,K,K8415
4691,K,K8416
4692,K,K8418
4693,K,K8420
4694,K,K8421
4695,K,K8422
4696,K,K8424
4697,K,K8425
4698,K,K8426
4699,K,K843
4700,K,K8431
4701,K,K8432
4702,K,K8434
4703,K,K8436
4704,K,K8437
4705,K,K8438
4706,K,K8439
4707,K,K8440
4708,K,K846
4709,K,K848
4710,K,K8484
4711,K,K849
4712,K,K8499
4713,K,K85
4714,K,K850
4715,K,K8500
4716,K,K853
4717,K,K854
4718,K,K8553
4719,K,K8554
4720,K,K856
4721,K,K8563
4722,K,K8564
4723,K,K8573
4724,K,K858
4725,K,K8585
4726,K,K8586
4727,K,K8587
4728,K,K8588
4729,K,K859
4730,K,K8597
4731,K,K8598
4732,K,K8599
4733,K,K860
4734,K,K8600
4735,K,K862
4736,K,K864
4737,K,K866
4738,K,K868
4739,K,K869
4740,K,K87
4741,K,K870
4742,K,K8703
4743,K,K8704
4744,K,K871
4745,K,K8713
4746,K,K8714
4747,K,K8715
4748,K,K8716
4749,K,K8717
4750,K,K8718
4751,K,K872
4752,K,K8720
4753,K,K8721
4754,K,K8722
4755,K,K8723
4756,K,K8724
4757,K,K8727
4758,K,K8728
4759,K,K8729
4760,K,K8730
4761,K,K8731
4762,K,K8732
4763,K,K876
4764,K,K878
4765,K,K879
4766,K,K880
4767,K,K882
4768,K,K884
4769,K,K886
4770,K,K888
4771,K,K889
4772,K,K89
4773,K,K890
4774,K,K891
4775,K,K892
4776,K,K895
4777,K,K896
4778,K,K90
4779,K,K9003
4780,K,K9004
4781,K,K9015
4782,K,K9016
4783,K,K9017
4784,K,K9018
4785,K,K9019
4786,K,K9020
4787,K,K903
4788,K,K9031
4789,K,K9033
4790,K,K904
4791,K,K9049
4792,K,K9050
4793,K,K9052
4794,K,K9054
4795,K,K906
4796,K,K9060
4797,K,K9062
4798,K,K9063
4799,K,K9064
4800,K,K9067
4801,K,K9068
4802,K,K9075
4803,K,K9076
4804,K,K9077
4805,K,K9078
4806,K,K908
4807,K,K9084
4808,K,K9086
4809,K,K9091
4810,K,K9092
4811,K,K9093
4812,K,K9094
4813,K,K9121
4814,K,K9122
4815,K,K9126
4816,K,K9128
4817,K,K914
4818,K,K915
4819,K,K916
4820,K,K918
4821,K,K9189
4822,K,K9190
4823,K,K92
4824,K,K920
4825,K,K921
4826,K,K922
4827,K,K926
4828,K,K928
4829,K,K929
4830,K,K930
4831,K,K9304
4832,K,K9305
4833,K,K9306
4834,K,K9307
4835,K,K9308
4836,K,K9312
4837,K,K9314
4838,K,K932
4839,K,K9322
4840,K,K9324
4841,K,K9326
4842,K,K9328
4843,K,K934
4844,K,K935
4845,K,K9357
4846,K,K9358
4847,K,K9359
4848,K,K936
4849,K,K9360
4850,K,K9362
4851,K,K9364
4852,K,K9366
4853,K,K9368
4854,K,K9369
4855,K,K9379
4856,K,K938
4857,K,K9380
4858,K,K9381
4859,K,K9382
4860,K,K9383
4861,K,K9384
4862,K,K9385
4863,K,K9386
4864,K,K94
4865,K,K940
4866,K,K9405
4867,K,K9406
4868,K,K9411
4869,K,K9412
4870,K,K9415
4871,K,K9416
4872,K,K942
4873,K,K9424
4874,K,K9425
4875,K,K9426
4876,K,K9431
4877,K,K9432
4878,K,K9434
4879,K,K9436
4880,K,K9438
4881,K,K944
4882,K,K9440
4883,K,K9445
4884,K,K9446
4885,K,K946
4886,K,K9461
4887,K,K9462
4888,K,K9463
4889,K,K9465
4890,K,K9470
4891,K,K9472
4892,K,K948
4893,K,K9483
4894,K,K9484
4895,K,K9486
4896,K,K95
4897,K,K950
4898,K,K9511
4899,K,K9512
4900,K,K9517
4901,K,K9518
4902,K,K952
4903,K,K956
4904,K,K958
4905,K,K9581
4906,K,K9583
4907,K,K9585
4908,K,K9587
4909,K,K9589
4910,K,K9590
4911,K,K96
4912,K,K960
4913,K,K9602
4914,K,K9604
4915,K,K9606
4916,K,K9608
4917,K,K9609
4918,K,K9610
4919,K,K9612
4920,K,K9614
4921,K,K9617
4922,K,K9618
4923,K,K9619
4924,K,K962
4925,K,K9620
4926,K,K9629
4927,K,K9630
4928,K,K9632
4929,K,K9634
4930,K,K9638
4931,K,K9642
4932,K,K9644
4933,K,K9651
4934,K,K9653
4935,K,K9655
4936,K,K9657
4937,K,K9659
4938,K,K9660
4939,K,K9661
4940,K,K9662
4941,K,K9663
4942,K,K9664
4943,K,K9665
4944,K,K9666
4945,K,K9667
4946,K,K9669
4947,K,K967
4948,K,K9672
4949,K,K9674
4950,K,K9675
4951,K,K9677
4952,K,K9679
4953,K,K968
4954,K,K9680
4955,K,K9682
4956,K,K9684
4957,K,K9686
4958,K,K9688
4959,K,K9694
4960,K,K9699
4961,K,K972
4962,K,K974
4963,K,K9756
4964,K,K9758
4965,K,K976
4966,K,K9761
4967,K,K9762
4968,K,K9763
4969,K,K9764
4970,K,K9766
4971,K,K9772
4972,K,K9774
4973,K,K9776
4974,K,K9778
4975,K,K978
4976,K,K9786
4977,K,K9788
4978,K,K9789
4979,K,K9790
4980,K,K9791
4981,K,K9792
4982,K,K9793
4983,K,K9794
4984,K,K980
4985,K,K9803
4986,K,K9804
4987,K,K9805
4988,K,K9806
4989,K,K9812
4990,K,K9814
4991,K,K9816
4992,K,K9818
4993,K,K982
4994,K,K9822
4995,K,K9824
4996,K,K9826
4997,K,K9828
4998,K,K9832
4999,K,K984
5000,K,K985
5001,K,K986
5002,K,K988
5003,K,K990
5004,K,K996
5005,K,K998
5006,T,T10
5007,T,T101
5008,T,T102
5009,T,T109
5010,T,T110
5011,T,T112
5012,T,T114
5013,T,T116
5014,T,T118
5015,T,T122
5016,T,T124
5017,T,T126
5018,T,T128
5019,T,T129
5020,T,T130
5021,T,T131
5022,T,T132
5023,T,T135
5024,T,T136
5025,T,T145
5026,T,T147
5027,T,T152
5028,T,T154
5029,T,T167
5030,T,T168
5031,T,T169
5032,T,T17
5033,T,T170
5034,T,T171
5035,T,T172
5036,T,T175
5037,T,T176
5038,T,T179
5039,T,T18
5040,T,T180
5041,T,T182
5042,T,T184
5043,T,T192
5044,T,T194
5045,T,T197
5046,T,T198
5047,T,T204
5048,T,T206
5049,T,T211
5050,T,T212
5051,T,T215
5052,T,T217
5053,T,T231
5054,T,T232
5055,T,T236
5056,T,T238
5057,T,T242
5058,T,T244
5059,T,T246
5060,T,T25
5061,T,T253
5062,T,T254
5063,T,T257
5064,T,T258
5065,T,T26
5066,T,T261
5067,T,T262
5068,T,T263
5069,T,T264
5070,T,T282
5071,T,T284
5072,T,T289
5073,T,T290
5074,T,T295
5075,T,T296
5076,T,T297
5077,T,T298
5078,T,T302
5079,T,T304
5080,T,T306
5081,T,T308
5082,T,T309
5083,T,T31
5084,T,T310
5085,T,T311
5086,T,T312
5087,T,T32
5088,T,T326
5089,T,T328
5090,T,T336
5091,T,T338
5092,T,T369
5093,T,T370
5094,T,T381
5095,T,T382
5096,T,T389
5097,T,T39
5098,T,T390
5099,T,T396
5100,T,T398
5101,T,T40
5102,T,T41
5103,T,T42
5104,T,T4202
5105,T,T4204
5106,T,T4601
5107,T,T4603
5108,T,T47
5109,T,T48
5110,T,T49
5111,T,T50
5112,T,T5001
5113,T,T5002
5114,T,T5003
5115,T,T5004
5116,T,T5005
5117,T,T5006
5118,T,T5007
5119,T,T5008
5120,T,T5009
5121,T,T5010
5122,T,T5011
5123,T,T5012
5124,T,T5013
5125,T,T5014
5126,T,T5101
5127,T,T56
5128,T,T5687
5129,T,T5688
5130,T,T58
5131,T,T63
5132,T,T6307
5133,T,T6308
5134,T,T64
5135,T,T65
5136,T,T66
5137,T,T6601
5138,T,T6602
5139,T,T6603
5140,T,T6604
5141,T,T6605
5142,T,T6606
5143,T,T6613
5144,T,T6614
5145,T,T6701
5146,T,T6702
5147,T,T6704
5148,T,T7
5149,T,T7015
5150,T,T7016
5151,T,T7565
5152,T,T7566
5153,T,T7567
5154,T,T7568
5155,T,T77
5156,T,T7771
5157,T,T7772
5158,T,T7775
5159,T,T7776
5160,T,T7781
5161,T,T7782
5162,T,T7785
5163,T,T7786
5164,T,T78
5165,T,T8
5166,T,T8001
5167,T,T8002
5168,T,T81
5169,T,T82
5170,T,T8301
5171,T,T8302
5172,T,T8303
5173,T,T8304
5174,T,T8306
5175,T,T8308
5176,T,T8309
5177,T,T8310
5178,T,T8318
5179,T,T8321
5180,T,T8322
5181,T,T8326
5182,T,T8328
5183,T,T8331
5184,T,T8332
5185,T,T8336
5186,T,T8337
5187,T,T8338
5188,T,T8339
5189,T,T8340
5190,T,T8347
5191,T,T8349
5192,T,T8351
5193,T,T8352
5194,T,T8353
5195,T,T8354
5196,T,T8361
5197,T,T8362
5198,T,T8365
5199,T,T8367
5200,T,T8369
5201,T,T8370
5202,T,T8379
5203,T,T8381
5204,T,T8712
5205,T,T8714
5206,T,T8716
5207,T,T8718
5208,T,T8720
5209,T,T8722
5210,T,T8865
5211,T,T8866
5212,T,T8869
5213,T,T8870
5214,T,T8898
5215,T,T8900
5216,T,T9
5217,T,T9021
5218,T,T9023
5219,T,T9024
5220,T,T9028
5221,T,T91
5222,T,T92
5223,T,T95
5224,T,T9501
5225,T,T9502
5226,T,T9503
5227,T,T9504
5228,T,T9509
5229,T,T9510
5230,T,T9516
5231,T,T9518
5232,T,T9581
5233,T,T9582
5234,T,T9583
5235,T,T9584
5236,T,T9585
5237,T,T9586
5238,T,T96
5239,Y,Y501
5240,Y,Y502
5241,Y,Y503
5242,Y,Y504
5243,Y,Y509
5244,Y,Y510
5245,Y,Y512
5246,Y,Y514
5247,Y,Y516
5248,Y,Y518
5249,Y,Y521
5250,Y,Y522
5251,Y,Y525
5252,Y,Y526
5253,Y,Y527
5254,Y,Y528
5255,Y,Y529
5256,Y,Y530
5257,Y,Y665
5258,Y,Y666
5259,Y,Y667
5260,Y,Y669
5261,Y,Y671
5262,Y,Y673
5263,Y,Y675
5264,Y,Y677
5265,Z,Z1
5266,Z,Z10
5267,Z,Z100
5268,Z,Z102
5269,Z,Z104
5270,Z,Z105
5271,Z,Z106
5272,Z,Z107
5273,Z,Z108
5274,Z,Z112
5275,Z,Z114
5276,Z,Z117
5277,Z,Z118
5278,Z,Z12
5279,Z,Z122
5280,Z,Z124
5281,Z,Z126
5282,Z,Z128
5283,Z,Z133
5284,Z,Z134
5285,Z,Z136
5286,Z,Z138
5287,Z,Z139
5288,Z,Z14
5289,Z,Z140
5290,Z,Z146
5291,Z,Z148
5292,Z,Z149
5293,Z,Z15
5294,Z,Z150
5295,Z,Z151
5296,Z,Z152
5297,Z,Z157
5298,Z,Z158
5299,Z,Z16
5300,Z,Z161
5301,Z,Z162
5302,Z,Z164
5303,Z,Z166
5304,Z,Z168
5305,Z,Z17
5306,Z,Z170
5307,Z,Z172
5308,Z,Z174
5309,Z,Z176
5310,Z,Z178
5311,Z,Z179
5312,Z,Z18
5313,Z,Z180
5314,Z,Z182
5315,Z,Z184
5316,Z,Z186
5317,Z,Z188
5318,Z,Z189
5319,Z,Z19
5320,Z,Z190
5321,Z,Z192
5322,Z,Z194
5323,Z,Z196
5324,Z,Z198
5325,Z,Z2
5326,Z,Z20
5327,Z,Z201
5328,Z,Z202
5329,Z,Z203
5330,Z,Z204
5331,Z,Z206
5332,Z,Z208
5333,Z,Z21
5334,Z,Z211
5335,Z,Z212
5336,Z,Z216
5337,Z,Z218
5338,Z,Z22
5339,Z,Z223
5340,Z,Z224
5341,Z,Z225
5342,Z,Z227
5343,Z,Z23
5344,Z,Z230
5345,Z,Z232
5346,Z,Z236
5347,Z,Z238
5348,Z,Z24
5349,Z,Z245
5350,Z,Z247
5351,Z,Z25
5352,Z,Z252
5353,Z,Z254
5354,Z,Z257
5355,Z,Z258
5356,Z,Z264
5357,Z,Z266
5358,Z,Z267
5359,Z,Z268
5360,Z,Z27
5361,Z,Z272
5362,Z,Z274
5363,Z,Z275
5364,Z,Z277
5365,Z,Z282
5366,Z,Z284
5367,Z,Z285
5368,Z,Z286
5369,Z,Z288
5370,Z,Z29
5371,Z,Z290
5372,Z,Z296
5373,Z,Z298
5374,Z,Z3
5375,Z,Z30
5376,Z,Z307
5377,Z,Z308
5378,Z,Z31
5379,Z,Z315
5380,Z,Z316
5381,Z,Z317
5382,Z,Z318
5383,Z,Z319
5384,Z,Z32
5385,Z,Z320
5386,Z,Z322
5387,Z,Z336
5388,Z,Z338
5389,Z,Z35
5390,Z,Z36
5391,Z,Z37
5392,Z,Z38
5393,Z,Z384
5394,Z,Z386
5395,Z,Z4
5396,Z,Z40
5397,Z,Z42
5398,Z,Z43
5399,Z,Z44
5400,Z,Z45
5401,Z,Z47
5402,Z,Z49
5403,Z,Z5
5404,Z,Z50
5405,Z,Z51
5406,Z,Z52
5407,Z,Z53
5408,Z,Z54
5409,Z,Z55
5410,Z,Z56
5411,Z,Z59
5412,Z,Z6
5413,Z,Z60
5414,Z,Z601
5415,Z,Z602
5416,Z,Z61
5417,Z,Z62
5418,Z,Z6201
5419,Z,Z6202
5420,Z,Z6203
5421,Z,Z6204
5422,Z,Z6205
5423,Z,Z6206
5424,Z,Z6207
5425,Z,Z6208
5426,Z,Z621
5427,Z,Z622
5428,Z,Z63
5429,Z,Z64
5430,Z,Z65
5431,Z,Z6502
5432,Z,Z6504
5433,Z,Z6506
5434,Z,Z6508
5435,Z,Z6510
5436,Z,Z6512
5437,Z,Z6522
5438,Z,Z6523
5439,Z,Z6524
5440,Z,Z6525
5441,Z,Z66
5442,Z,Z67
5443,Z,Z6706
5444,Z,Z6708
5445,Z,Z68
5446,Z,Z6801
5447,Z,Z6802
5448,Z,Z69
5449,Z,Z7
5450,Z,Z70
5451,Z,Z71
5452,Z,Z72
5453,Z,Z721
5454,Z,Z722
5455,Z,Z75
5456,Z,Z76
5457,Z,Z77
5458,Z,Z78
5459,Z,Z79
5460,Z,Z8
5461,Z,Z81
5462,Z,Z8301
5463,Z,Z8303
5464,Z,Z8304
5465,Z,Z8305
5466,Z,Z8306
5467,Z,Z8307
5468,Z,Z8308
5469,Z,Z8309
5470,Z,Z8310
5471,Z,Z8311
5472,Z,Z8312
5473,Z,Z8313
5474,Z,Z8314
5475,Z,Z8316
5476,Z,Z8501
5477,Z,Z8502
5478,Z,Z8513
5479,Z,Z8514
5480,Z,Z86
5481,Z,Z8602
5482,Z,Z8604
5483,Z,Z8606
5484,Z,Z8608
5485,Z,Z8612
5486,Z,Z8614
5487,Z,Z88
5488,Z,Z8801
5489,Z,Z8802
5490,Z,Z8803
5491,Z,Z8804
5492,Z,Z89
5493,Z,Z9
5494,Z,Z90
5495,Z,Z917
5496,Z,Z918
5497,Z,Z92
5498,Z,Z94
5499,Z,Z95
5500,Z,Z96
5501,Z,Z97
5502,Z,Z98
5503,Z,Z99
